herb1,herb2,causal_effect
0,34,-0.024080168
0,43,0.025072005
0,62,-0.021073764
0,182,-0.020467397
0,263,-0.020454295
0,293,-0.023435535
0,304,0.028570237
0,367,-0.024844311
0,393,-0.021406936
0,401,-0.024700126
0,441,0.021605918
0,528,-0.023789883
0,554,0.024952667
0,718,0.02677753
1,3,0.020615544
1,333,-0.026005821
1,340,0.02005643
1,363,0.020677341
1,409,-0.020531558
1,688,0.02850015
2,20,-0.022786807
2,218,0.022063151
2,288,0.021236615
2,353,-0.023586176
2,431,-0.021592965
2,494,0.022030616
2,737,0.023568355
3,207,0.023029976
3,249,0.024933424
3,268,-0.02387734
3,316,0.02132528
3,365,-0.021248357
3,485,0.020016706
3,492,0.025363108
3,512,-0.022010611
3,655,-0.020117098
3,738,0.02555379
4,20,-0.021132892
4,25,0.020982912
4,38,-0.025346393
4,168,0.026806936
4,282,0.02145153
4,346,-0.027509745
5,241,-0.030821709
5,366,-0.029527076
5,500,-0.021469323
5,502,0.027724791
5,749,-0.022649914
6,4,0.027991107
6,11,-0.023744695
6,78,-0.023054443
6,132,0.020529322
6,150,-0.02210968
6,316,0.021463092
6,481,-0.026882688
6,482,0.025816856
6,527,-0.025282582
6,584,0.02138798
7,16,-0.020397507
7,28,0.025592089
7,229,0.020775106
7,237,-0.03345759
7,266,-0.021045167
7,434,0.02060602
7,486,-0.020616502
7,507,0.02303202
7,657,0.023180567
8,0,0.025810344
8,69,0.020483432
8,305,0.022343973
8,542,0.020825114
8,609,-0.028335901
8,657,0.02127873
8,669,0.020562066
8,714,0.030043656
8,716,0.02247164
9,75,0.021270106
9,83,0.020101583
9,166,0.025172902
9,391,0.023084346
9,393,0.021877546
9,419,-0.030354964
9,446,-0.020386836
9,473,-0.023433596
10,43,0.020734476
10,391,-0.023926787
10,425,-0.020247607
10,596,-0.021887604
11,34,-0.027228681
11,38,0.029614806
11,78,0.020290514
11,228,-0.02339179
11,341,0.027812658
12,142,0.02008314
12,169,-0.02300147
12,386,0.02843863
12,448,0.022531204
12,457,-0.026205113
12,655,0.036677845
12,657,-0.02129585
13,727,-0.02019341
14,263,-0.020334337
14,283,-0.023616556
14,646,0.024807766
15,14,0.021140391
15,27,0.023705063
15,176,-0.022780232
15,205,-0.036038533
15,307,0.02636758
15,414,0.023095695
15,493,0.021724708
15,631,-0.020953758
15,663,-0.025471574
16,37,0.025246598
16,92,-0.021800792
16,110,0.026397686
16,112,-0.02064971
16,195,0.021717347
16,228,-0.023455577
16,253,0.023205547
16,391,0.022740193
16,396,0.02228196
16,405,-0.021325517
16,493,0.023647223
16,549,0.021188587
16,612,-0.020851012
16,627,0.022611953
17,157,-0.020707738
17,276,-0.02041076
18,86,0.020751756
18,115,-0.03220568
18,128,0.023061704
18,136,-0.021563524
18,233,0.02977129
18,443,0.023694936
18,540,-0.02251737
18,737,0.021813553
19,6,0.021311514
19,218,-0.024077367
19,316,0.02021772
19,419,0.021417242
19,660,-0.021780692
19,704,0.022063535
19,720,0.020748151
20,37,-0.020394392
20,40,-0.032469068
20,182,-0.020458734
20,190,-0.023114141
20,460,-0.0215568
20,534,0.022519747
20,737,-0.021017715
21,7,0.021843826
21,52,-0.02485259
21,105,0.025351552
21,166,0.023081847
21,223,0.022547327
21,350,-0.026273452
21,409,-0.020866346
21,425,-0.025572455
22,362,0.022477362
23,225,0.022755591
23,371,0.020083135
24,141,0.021051059
24,396,-0.021964632
24,500,0.02384642
25,15,0.0230151
25,206,-0.021501169
25,219,0.020690119
25,259,-0.021937586
25,466,0.030689593
25,623,0.022804929
25,665,0.020744838
26,17,0.022137884
26,98,-0.022394245
26,228,0.02032747
26,614,0.020709721
27,203,-0.022888465
27,348,0.021474032
27,551,-0.023497393
27,716,0.020555938
28,31,0.023850365
28,304,-0.023772625
28,342,-0.022352692
28,392,0.02333874
28,510,-0.020519288
28,532,-0.024314847
28,542,0.02107352
28,665,-0.020778827
28,669,0.028439632
29,1,0.020712703
29,31,0.0220844
29,80,-0.02363651
29,92,-0.022360504
29,171,0.023750603
29,250,-0.02019576
29,269,-0.028684968
29,277,-0.023472104
29,573,-0.02011228
29,574,-0.022234898
29,652,-0.022236343
29,670,0.022660058
29,738,0.02078299
30,3,-0.02377529
30,18,0.023018237
30,129,0.032423154
30,244,-0.020736964
30,324,-0.02288005
30,341,-0.021502469
30,489,-0.0212546
30,508,0.024006262
30,509,-0.025816167
30,610,-0.02681724
30,680,-0.024088368
30,682,-0.026857713
31,0,-0.025025696
31,61,-0.02159712
31,100,-0.025221467
31,365,-0.026505796
31,554,-0.020231731
31,578,-0.030350655
31,648,-0.022074932
31,673,-0.028914697
31,715,0.022582658
32,42,0.02250882
32,61,-0.025377557
32,123,-0.02600646
32,157,0.022974553
32,341,0.023998985
32,405,-0.028255159
32,455,-0.023433592
32,476,-0.022178102
32,512,0.02234969
32,549,0.02569076
32,592,0.021464631
33,124,-0.021357678
33,134,0.025225818
33,171,-0.021222608
33,328,-0.022992434
33,694,-0.020869292
33,716,0.023401776
34,21,-0.021260852
34,71,0.026526786
34,166,-0.022389224
34,293,-0.027199237
34,359,-0.023483528
34,440,-0.024243535
34,710,-0.024505323
35,37,-0.020964894
35,77,-0.023852428
35,156,-0.020299729
35,684,0.025857843
35,722,-0.02173596
36,33,-0.020529784
36,45,-0.030787235
36,112,-0.025668472
36,123,0.02400285
36,206,0.021578819
36,340,-0.020422233
36,455,0.024657443
36,610,0.026373636
36,626,0.021070892
37,26,0.020180512
37,54,-0.020194294
37,149,0.021552753
37,303,0.02266415
37,373,0.021578455
37,386,0.029056704
37,442,0.020209342
37,552,0.023084788
37,554,0.022672484
37,615,-0.020307258
37,642,0.024595434
38,6,-0.025978088
38,20,-0.021998344
38,59,-0.024405649
38,356,0.026839303
38,406,-0.023463683
38,496,0.021478053
38,517,-0.021633375
39,203,-0.02386222
39,276,-0.027421445
39,401,0.026342496
40,1,0.020617815
40,8,0.02093775
40,124,-0.02747136
40,274,-0.021109091
40,510,-0.022735381
40,618,-0.021269701
40,622,-0.02168091
40,659,-0.024108212
40,694,-0.02161436
40,713,0.02217688
41,29,-0.025719535
41,114,-0.023964986
41,184,0.030433359
41,325,-0.022581654
41,473,-0.022954255
42,137,-0.021034947
42,175,-0.020251805
42,408,0.027702896
42,468,-0.023694567
43,353,0.025173753
43,467,0.025839642
43,563,-0.02615506
43,639,0.021591071
43,739,-0.024075761
44,21,-0.027997814
44,81,-0.02108912
44,135,-0.023468576
44,181,-0.026674556
44,311,0.021122437
44,336,0.020662295
44,592,0.021168444
45,29,0.027657388
45,38,-0.022681955
45,159,-0.024612792
45,205,-0.02126515
45,265,0.023000503
45,301,0.021205308
45,316,0.021846738
45,359,-0.021156425
45,366,-0.02017558
45,447,0.022732118
45,512,0.029651342
45,638,0.023284078
46,80,0.02362372
46,168,0.02530665
46,200,-0.02231824
46,263,0.021100434
46,299,0.020401066
46,366,-0.022567345
46,483,-0.022026042
46,535,-0.02118179
46,537,0.03532464
46,628,0.020360311
46,737,-0.024851423
47,150,-0.02200253
47,217,0.022398304
47,253,0.020000119
47,357,-0.021613298
47,390,-0.023415674
47,405,0.021249972
47,542,-0.02231458
47,598,0.023192499
48,305,0.0208256
48,312,-0.020659646
48,610,-0.021495974
50,171,0.021477444
50,194,0.025172362
50,259,0.020489493
50,282,-0.02288865
50,610,0.021642435
50,660,0.025041806
50,674,-0.022030568
51,144,0.02349594
51,605,0.02348652
51,673,-0.021285959
51,740,-0.021073174
52,97,0.029297516
52,110,-0.02321655
52,328,-0.022904655
52,481,0.02428048
52,529,0.020980055
52,638,0.025888618
52,674,0.028538857
53,156,-0.02194436
54,43,0.021773798
54,55,0.021215321
54,442,0.02922068
54,477,0.020114968
54,499,-0.020164201
54,663,0.020610072
54,669,0.020073405
54,701,0.023825724
54,744,-0.021243919
55,73,0.020782258
55,96,-0.029143702
55,231,0.021652525
55,237,0.023689164
55,663,0.022493567
55,686,-0.021928266
56,19,0.02149451
56,108,-0.025349317
56,146,-0.020533232
56,288,0.023062598
56,446,0.023613662
57,12,0.020355294
57,90,-0.02388443
57,401,-0.020116426
57,476,-0.020676415
57,578,-0.023267537
57,621,-0.02732176
57,696,-0.022614405
58,469,0.022019582
59,6,0.020391379
59,103,0.020642329
59,112,-0.020696793
59,231,-0.020205881
59,239,0.030364739
59,476,-0.020369025
59,477,0.021824807
59,607,0.02233512
60,69,0.021947475
60,218,-0.022708759
60,236,-0.020071376
60,282,0.021789864
60,527,0.021656053
61,11,0.02252113
61,65,-0.02155336
61,101,-0.026016818
61,441,0.029040093
61,551,0.02462971
62,134,0.022366244
62,217,0.028440118
62,264,-0.02049355
62,377,0.025241623
62,649,-0.020422406
62,693,0.021021828
63,286,0.021772541
63,535,0.02345441
64,79,0.020349372
64,425,0.02232924
64,705,0.021800304
65,57,0.020388283
65,223,0.021393266
65,355,0.021817882
65,731,-0.030228011
66,160,0.021727942
66,205,0.022022268
66,239,0.02026414
66,248,0.020042231
66,277,0.02263949
66,456,-0.023537967
66,578,0.022543054
67,33,0.0262183
67,36,0.020918319
67,61,0.020094028
67,97,0.021798892
67,230,0.022496918
67,259,0.021749377
67,261,-0.024728151
67,280,-0.023932593
67,448,-0.020513238
67,554,0.020861508
67,570,-0.022981934
67,714,-0.022141447
68,214,-0.023663549
68,250,-0.027066233
68,334,-0.021815158
68,365,-0.025750859
68,453,-0.02198919
68,627,0.020503761
68,664,0.02954938
68,694,0.020263715
68,701,-0.02315696
68,752,-0.022386342
69,132,0.022098139
69,266,0.021696772
69,302,-0.021496424
69,350,-0.023139004
69,379,-0.024712682
69,528,-0.022727523
69,706,-0.022993522
70,61,0.021906802
70,127,-0.020141099
70,504,0.024880141
70,578,0.021964848
70,703,-0.026234774
70,707,-0.020839345
71,132,-0.022976639
71,207,-0.02602824
71,294,0.020644197
71,308,0.02109814
71,388,0.0213335
71,403,-0.022096958
71,423,-0.020185854
71,622,-0.024163889
71,664,0.020697214
71,737,-0.02003697
72,25,-0.02028843
72,184,-0.02368714
72,231,-0.02941255
72,386,0.031353287
72,532,-0.020315003
72,563,-0.021154437
72,615,0.026765449
72,627,-0.020445447
73,26,-0.020259762
73,33,-0.021198042
73,39,0.020027697
73,121,0.021316525
73,182,0.020088764
73,508,-0.026657155
73,573,0.020173788
73,683,0.022063898
74,0,-0.020921368
74,4,-0.020529369
74,91,0.022000216
74,106,-0.02010086
74,392,0.02309516
74,674,0.020251937
74,704,-0.027513703
75,93,-0.021897145
75,121,0.020267408
75,150,-0.021869287
75,192,0.020180522
75,283,-0.022375422
75,358,-0.020462915
75,359,0.021420505
75,426,0.023130607
75,627,0.02159099
75,644,0.020466058
75,720,0.02002871
75,748,-0.023574129
76,7,0.023159957
76,18,-0.021955756
76,171,0.020663569
76,172,-0.024685072
76,426,0.024624342
76,493,0.021094456
76,558,0.021185588
76,635,0.022712933
77,7,0.021440731
77,11,-0.027685024
77,60,0.022682562
77,191,-0.023046635
77,380,0.020192593
77,427,0.021970537
77,455,-0.021179449
77,485,-0.021165613
77,506,0.025613645
77,513,-0.020077337
77,539,0.024636945
77,579,0.022475746
78,7,0.022107707
78,60,-0.02430397
78,100,-0.020454818
78,177,0.023769626
78,184,0.021512775
78,218,0.024025103
78,383,0.02241008
78,411,0.022534437
79,210,-0.020725839
79,255,-0.020476459
79,272,-0.02054434
79,506,0.022845697
79,640,-0.02038081
80,18,-0.023001255
80,177,-0.021386724
80,211,0.02009724
80,248,-0.022769388
80,252,0.020566901
80,263,0.020568471
80,268,-0.02262666
80,357,0.023020564
80,542,-0.02002664
80,570,-0.022455793
80,577,0.026018672
80,615,0.021901123
80,637,-0.022710532
81,126,-0.023982609
81,184,-0.02227023
81,218,-0.021578955
81,250,0.022057343
81,446,0.022077406
81,696,-0.022071466
82,118,-0.023622127
82,323,0.026109176
82,426,0.02056548
82,501,0.020511681
82,519,-0.0278597
82,642,0.022970846
84,27,-0.024176449
84,288,-0.02951618
84,316,0.03036829
84,405,-0.036288906
85,43,-0.021215217
85,256,0.024574678
85,322,0.022824125
85,383,-0.027681962
85,600,-0.025156504
85,625,-0.020648517
85,665,0.025661003
86,43,0.020433212
86,72,-0.020540256
86,377,0.020507006
86,378,0.02407744
86,457,0.023704732
86,519,-0.021077015
86,622,-0.020701438
86,681,0.02043686
87,80,-0.020312633
87,109,0.020830033
87,183,0.020894865
87,241,-0.020679187
87,340,0.028044151
87,401,0.023334915
87,422,-0.020328688
87,485,0.031365316
88,490,-0.024016446
90,8,-0.021573149
90,62,-0.022816554
90,70,-0.022676801
90,84,0.0328761
90,210,0.022034494
90,317,0.02164205
90,638,-0.020134144
91,264,-0.029213939
91,272,0.024559565
91,309,-0.023705807
91,331,-0.025200251
91,452,-0.02343704
91,473,-0.02036409
91,570,0.020756714
91,699,-0.020806415
91,704,0.020041855
91,738,-0.022349102
92,100,0.023329167
92,276,0.022815848
92,307,0.028643845
92,346,-0.027880542
92,365,-0.025593022
92,484,-0.022389468
92,487,-0.025147058
92,496,0.029879
92,511,0.022182962
92,621,0.022121603
92,665,-0.022910118
93,1,-0.023207612
93,99,-0.031220555
93,160,-0.021015964
93,250,0.036506422
93,391,0.030175805
93,422,-0.021082688
93,452,0.022437572
93,675,-0.020333357
93,680,-0.020023413
93,684,0.020820081
93,734,-0.021052662
94,442,-0.028456034
94,487,0.0224742
94,546,0.028646648
94,569,-0.020021966
94,585,-0.021340866
94,749,-0.020203881
95,275,-0.02110894
95,292,0.02594042
95,375,-0.026479108
96,0,0.026287157
96,33,0.020806145
96,435,0.02488539
96,592,-0.02054746
97,2,0.024045862
97,112,0.026138438
97,172,0.0205036
97,207,0.022117093
97,242,0.020588888
97,250,-0.022975229
97,328,0.024972027
97,378,0.026038801
97,626,0.02372475
97,656,0.020164652
97,670,-0.022559622
97,699,0.024374817
98,197,-0.021208026
98,222,-0.02129251
98,601,0.02138854
99,77,0.02624809
99,96,0.023468744
99,231,0.022708496
99,291,-0.020931382
99,354,-0.02005871
99,431,0.020332549
99,527,0.023581011
99,585,-0.024298795
99,602,-0.03306799
100,265,0.021645637
100,316,0.025165062
100,357,0.020052247
100,373,0.023082316
100,424,0.027226508
100,433,0.020865796
100,444,0.022787737
100,544,-0.021489706
100,641,-0.02291168
101,39,-0.022857489
101,294,0.020133348
101,303,-0.021523507
101,504,-0.021546502
101,522,0.031445544
101,598,-0.03137662
101,649,-0.021021644
101,732,-0.023383945
102,736,0.02017246
103,36,-0.02519402
103,40,-0.020003181
103,76,0.020927045
103,236,0.02221644
103,478,-0.020646075
103,618,0.022517854
104,4,0.02134045
104,17,0.0240615
104,264,0.028577264
104,380,-0.02937001
104,529,0.020654568
105,75,-0.02137411
105,460,0.025722627
106,237,-0.020305606
106,510,0.024038332
106,570,0.024059087
108,10,0.021571469
108,156,-0.020686116
108,170,-0.02593777
108,273,-0.021031372
108,493,0.025549024
108,535,-0.020180944
108,648,0.021446925
109,32,0.026877701
109,156,0.021794992
109,283,0.026304148
109,308,0.02011525
109,367,-0.02153837
109,386,-0.022633864
110,29,-0.020340424
110,77,0.023918029
110,86,-0.023305722
110,165,-0.026612181
110,295,0.02332597
110,516,-0.032448106
110,672,0.021224996
110,710,0.02478404
111,87,0.021659229
111,98,-0.02578816
111,385,0.02531948
111,399,-0.020812932
111,445,-0.02128384
111,563,-0.02310619
111,683,-0.023952555
112,85,0.022953186
112,105,0.024247663
112,124,-0.021907818
112,169,-0.02520081
112,228,-0.026839985
112,478,-0.020558475
112,484,-0.025782976
112,607,-0.024622189
112,610,0.027948242
112,638,0.027736261
112,693,-0.020077433
114,115,0.024643239
114,404,0.021686204
114,602,0.021119619
115,101,0.030369472
115,218,-0.021024417
115,264,0.020453587
115,469,-0.03178171
115,506,0.020573577
116,6,0.025847217
116,111,-0.02555419
116,117,0.021039553
116,301,-0.02014135
116,378,0.021859953
116,448,0.025304267
116,737,-0.024611646
117,26,-0.02188651
117,245,-0.03468653
117,269,-0.024666227
117,303,0.02641492
117,331,0.021719983
117,405,0.021465689
117,727,0.023685249
118,32,-0.02050273
118,87,-0.02213468
118,169,0.022575783
118,185,-0.020148199
118,220,0.03021032
118,411,-0.020403273
118,626,0.021307435
118,674,0.02268092
118,680,0.022221645
119,24,0.026499659
120,109,-0.024565065
120,111,0.026764574
120,276,0.020345677
120,279,-0.022975933
120,316,-0.021073578
120,340,0.020169538
120,510,0.024172846
120,717,-0.021282973
121,21,0.020603413
121,40,0.022587592
121,98,0.024544217
121,147,0.022493102
121,178,-0.026040036
121,258,0.020194933
121,413,-0.021877022
121,486,0.022269502
122,221,0.020156492
122,232,0.027234798
122,388,0.021053549
122,395,-0.020003818
122,438,-0.020029113
122,460,0.021195075
122,595,-0.022611778
122,686,-0.022102425
123,85,-0.022607138
123,221,-0.02104755
123,231,0.020418376
123,329,-0.02197082
123,468,0.020018913
123,600,-0.020038802
123,649,0.02115861
124,52,0.020110967
124,167,0.025943175
124,242,0.023464119
124,294,-0.02219007
124,725,0.02078888
125,287,0.02193716
125,381,0.02821347
125,477,-0.021879446
125,688,0.02222584
126,10,-0.020289317
126,101,-0.020900564
126,227,-0.02320667
126,301,-0.020611547
126,420,0.022207443
126,442,0.020587165
126,456,-0.020894865
126,558,0.02397043
126,583,-0.029298147
126,647,-0.023653034
126,699,-0.0210775
127,125,-0.022673646
127,137,-0.021667566
127,237,0.024793059
127,258,0.025443252
127,259,0.02088796
127,263,-0.020836001
127,431,0.022432618
127,668,-0.023095246
128,7,0.022444466
128,43,-0.023988424
128,120,0.02518087
128,175,-0.021091947
128,179,-0.021515403
128,271,-0.021269957
128,281,-0.022020949
128,288,-0.020411603
128,377,0.025248846
128,408,-0.020786133
128,468,0.020928971
128,654,-0.021434197
128,744,0.02183657
129,299,0.02035562
129,398,0.023931159
129,583,0.020541938
131,197,0.020164717
131,432,-0.020764032
131,543,0.020736093
132,47,0.024208756
132,177,0.020116726
132,301,-0.02148104
132,315,-0.02332817
132,479,0.021079982
132,486,-0.027344339
132,583,-0.025371827
132,648,-0.02526049
132,652,-0.024919482
132,719,-0.021502595
132,739,0.020415694
134,280,0.020956961
134,397,-0.022933165
134,410,0.02146827
134,744,0.021187512
134,749,0.022827657
135,118,0.026638508
135,120,0.021327902
135,244,0.020712497
135,274,0.0206126
135,491,0.021264657
135,521,-0.021970628
135,687,0.025047323
135,749,0.02170759
136,41,0.034510568
136,46,-0.023963168
136,184,-0.026849115
137,74,0.02217347
137,91,-0.022845164
137,365,0.020463793
137,521,-0.020560114
137,592,0.02080332
137,710,0.024382133
138,82,-0.020977398
138,132,-0.020027589
138,351,0.021867953
138,658,-0.020552328
139,101,0.02044845
139,198,-0.022747943
139,217,0.02147872
139,251,0.020100152
139,527,0.023201132
140,31,-0.023462823
140,242,-0.023660967
140,411,0.030785725
140,455,0.023314992
140,543,0.023542019
142,43,-0.027705267
142,374,0.0214183
142,468,0.021001417
144,27,0.03387937
144,39,0.022014508
144,70,0.023932794
144,103,0.022875074
144,430,-0.022567077
144,519,0.022351604
144,561,-0.022211375
144,563,0.020842759
144,568,0.021169577
144,570,0.028366031
144,595,0.02220109
144,630,-0.020406751
144,722,0.025537575
145,15,0.022801584
145,16,0.021060169
145,57,0.025078788
145,99,0.020945648
145,172,-0.022540595
145,391,-0.025052242
145,508,0.024838192
145,629,0.020781312
145,631,0.021846589
145,674,0.02047306
146,325,0.020170985
147,46,0.021274285
147,69,-0.020557849
147,129,0.026863353
147,134,0.025268357
147,260,0.028174818
147,365,-0.023737261
147,432,-0.02249263
147,622,0.020781305
147,650,0.020856433
148,325,0.023778204
149,152,-0.020151969
149,699,-0.020328077
149,732,-0.021539276
150,60,0.030785171
150,206,-0.022054836
150,529,-0.021261118
151,56,-0.020699611
151,78,0.022813821
151,136,0.021185946
151,432,0.02051631
151,662,0.021518229
152,118,-0.025589265
152,175,0.021505391
152,263,-0.021529486
152,347,-0.024185332
152,546,0.020365892
152,576,0.021475663
152,604,-0.020350643
154,16,0.026554218
154,193,-0.02606346
154,263,0.021294603
154,415,0.024936736
154,430,-0.024784086
154,494,-0.020183846
154,583,0.024366865
154,650,-0.02038807
155,11,-0.021302057
155,34,-0.02071164
155,74,0.022817088
155,128,0.03120544
155,233,-0.023672314
155,261,-0.021787599
155,263,0.025075233
155,384,0.028237669
155,594,-0.020620553
155,610,-0.027167754
156,56,-0.02207358
156,81,-0.021519708
156,172,0.020412447
156,183,-0.02285321
156,189,-0.020619571
156,218,-0.02390969
156,375,-0.025139298
156,380,0.021809883
156,410,-0.022068907
156,492,-0.02018764
156,731,0.020138903
157,74,0.02057085
157,93,-0.022134155
157,137,0.02016633
157,145,-0.026761606
157,193,-0.025162552
157,321,-0.02240325
157,325,-0.02236852
157,343,-0.02108101
157,420,0.02489748
158,164,-0.026483875
158,288,0.022116318
158,682,0.02331839
159,223,-0.021650093
159,374,-0.020234598
160,37,0.021527557
160,59,0.02138661
160,76,-0.020552035
160,106,-0.036910426
160,284,0.020972164
161,80,0.020340426
161,99,0.02071147
161,269,-0.020219306
161,458,0.025459986
161,507,0.023322053
161,731,-0.02054129
162,2,-0.022096308
162,32,-0.033789527
162,71,0.021580275
162,96,-0.026203418
162,267,-0.021235153
162,460,0.030419592
162,489,0.02021848
162,563,-0.025343241
162,707,0.023404555
163,105,-0.026647069
163,161,0.02147358
163,176,-0.021652335
163,355,0.021055747
163,550,-0.023657834
163,614,-0.021925883
164,193,-0.021129087
164,348,-0.021858118
164,382,0.027094208
164,479,-0.022589779
164,595,-0.020111155
164,656,-0.021217128
165,134,0.020921461
165,551,-0.021999884
165,554,-0.024629971
165,687,0.021880807
166,151,-0.029139858
166,280,-0.021736957
166,356,-0.020950606
166,481,0.023587173
166,489,-0.025054578
166,493,-0.020812936
166,505,-0.021453695
166,631,-0.020155177
168,21,-0.02567475
168,30,-0.020475421
168,111,0.020113083
168,160,-0.020079968
168,247,-0.021047924
168,494,-0.024515314
168,576,-0.022819083
168,665,0.021512248
168,727,-0.02598473
168,731,0.022733413
169,2,0.023933537
169,251,0.024579091
169,372,-0.021342112
169,408,-0.020919546
169,447,-0.02199064
169,475,-0.020655936
169,522,0.021772983
169,551,-0.02173098
169,554,-0.033900157
169,559,-0.028891558
169,573,0.022581525
169,576,-0.028040048
169,583,0.023999454
169,664,0.02027259
170,25,-0.020420058
170,288,0.025102768
170,365,-0.020490967
170,539,0.023635782
170,700,0.024371875
171,41,-0.021579549
171,112,0.021700492
171,125,-0.025051605
171,154,-0.020497896
171,163,0.028973
171,168,-0.028334865
171,314,-0.020022634
171,334,0.020376004
171,387,-0.022675512
171,749,0.020157402
172,80,-0.022052232
172,109,-0.021511097
172,400,0.022832584
172,516,-0.022972072
172,528,0.020291453
172,638,0.022529706
172,751,0.021122308
173,741,0.02240367
173,746,0.023008319
175,32,0.030856697
175,68,0.028046269
175,108,-0.027678356
175,121,-0.035812356
175,217,0.02236907
175,344,0.030456774
175,354,0.024186118
175,384,0.02102707
175,414,0.021751447
175,510,-0.020387717
175,534,-0.02406239
175,650,0.020781234
175,670,0.020929031
175,701,-0.023772134
176,234,-0.020990796
176,477,-0.023700029
176,521,-0.020556679
176,633,-0.021011578
177,21,0.02292848
177,39,0.020939518
177,148,0.027419746
177,271,0.025261968
177,273,-0.020374166
177,338,-0.02181562
177,444,-0.028747942
177,506,0.020752458
177,749,0.022501526
178,82,-0.021947129
178,110,-0.02118914
178,181,0.023895513
178,193,-0.024899904
178,322,0.022590656
178,491,-0.021448635
178,564,-0.023457022
178,588,0.0249463
178,630,-0.022482611
178,648,0.030068032
179,29,0.020781849
179,306,-0.022472208
179,343,0.027629385
179,643,-0.026880633
181,116,-0.020110857
181,125,0.021236729
181,195,0.020327574
181,234,-0.02228239
181,260,-0.025099901
181,385,-0.022966282
181,542,0.020913007
181,683,0.022587935
181,704,-0.0202877
181,716,0.021060083
181,720,-0.026682686
182,11,0.023406439
182,178,-0.02347028
182,255,0.02915191
182,298,0.024388244
182,301,-0.021001693
182,380,-0.023258496
182,488,-0.020115718
182,721,-0.022582948
183,17,-0.020145075
183,66,-0.025028199
183,82,-0.021619894
183,85,0.023720829
183,86,0.024354199
183,127,-0.023708386
183,241,-0.020950746
183,586,0.02107816
183,602,-0.020268533
183,655,-0.024040394
184,71,-0.020563291
184,147,-0.024001285
184,217,0.02814884
184,249,-0.024795214
184,673,0.020731693
185,379,0.027005326
185,389,0.023476545
185,513,0.023069449
185,644,0.02533898
185,724,0.021846484
186,171,-0.03232072
186,328,-0.027100151
186,654,0.025713414
187,89,0.020803092
189,182,-0.020011099
189,333,-0.02308203
189,341,-0.020530391
189,401,0.026619783
189,452,-0.02052702
189,462,0.022940863
189,511,0.021312773
189,576,0.021934178
189,680,-0.023494005
189,704,-0.025707278
189,717,-0.020780627
190,229,-0.022957187
190,489,0.027896598
190,693,0.021416275
190,709,-0.022096898
191,60,0.020101374
191,92,-0.022423333
191,96,0.02170774
191,325,0.022636276
191,492,0.023432612
191,503,-0.022121305
192,298,0.021371175
192,311,-0.02199822
192,320,-0.026728565
192,535,-0.020723017
192,599,0.020120844
192,652,-0.021193685
192,671,0.024098335
193,54,0.022638075
193,351,0.021401905
193,361,0.022528691
193,422,0.025844097
193,458,-0.02027968
193,476,-0.020147938
193,600,0.02216499
193,614,0.022350192
194,360,0.024479035
194,486,0.020120056
194,601,0.02630212
194,654,-0.022817537
194,682,-0.029275455
195,44,0.020590438
195,261,-0.020442177
195,369,0.02086934
195,444,-0.02034502
195,506,-0.021577569
195,508,-0.021519234
195,561,0.020413188
195,583,0.022444343
195,727,0.021285962
197,117,0.020256326
197,159,0.02053891
197,273,-0.020009814
197,320,-0.023970105
197,696,-0.023541098
197,731,-0.023428075
198,59,-0.024713062
198,110,0.023801781
198,527,0.022416068
198,667,-0.023637159
199,299,0.028200641
199,437,0.02106469
199,586,-0.020534914
199,722,-0.020501588
200,326,-0.021041082
200,363,-0.030892696
200,503,-0.022588981
200,584,0.02242309
200,633,-0.020352501
201,235,-0.020224532
201,268,0.020787532
201,654,-0.023816383
201,723,-0.025269935
202,7,-0.020348929
202,76,0.023045965
202,99,0.020662934
202,264,0.020044796
202,284,0.028087819
202,446,-0.023142852
202,497,-0.021360049
202,654,-0.0274606
202,657,0.024457082
203,86,-0.02131794
203,243,0.028981457
203,311,0.020632755
203,400,-0.02027299
203,420,0.020509051
203,505,-0.020667989
203,574,0.033202592
203,668,0.024785679
204,468,0.022389922
204,746,-0.022044826
205,6,-0.020183327
205,248,0.025478529
205,302,0.020364301
205,672,-0.025532033
205,737,0.020872861
206,19,0.025884995
206,80,0.021018699
206,163,0.020941028
206,281,0.028502423
206,305,0.025518522
206,380,0.021197718
206,394,0.02584452
206,416,0.027345268
206,534,-0.020369127
207,54,0.028077642
207,144,-0.02871456
207,150,-0.026071467
207,293,-0.026475724
207,317,0.021980627
207,377,0.021260839
208,284,0.02138815
210,290,-0.022390427
210,317,-0.021467358
210,353,0.02322541
210,387,0.021277733
210,411,0.020672675
210,712,0.020868389
211,37,-0.020050619
211,87,0.025004806
211,132,0.028621603
211,135,0.020724444
211,268,-0.02095033
211,271,0.022134088
212,19,0.022603521
212,35,0.031289812
212,37,0.024647089
212,77,-0.025572846
212,241,-0.02261095
212,354,-0.020753585
212,522,0.020948807
212,554,0.038754687
212,625,-0.020302933
212,656,-0.02008219
212,700,0.02040355
213,48,-0.02228386
213,239,-0.021870546
213,369,-0.022073422
213,421,-0.020056052
213,433,0.020126352
213,472,-0.020891229
213,734,0.02080049
214,67,-0.020070625
214,74,-0.024374804
214,170,-0.02203353
214,306,-0.020471988
214,320,-0.021047354
214,384,-0.021516707
214,441,-0.02083254
214,512,0.02251919
214,688,-0.028442321
215,308,0.022811223
215,318,0.027755203
215,462,-0.025777867
215,485,-0.02199101
215,496,0.022418695
215,588,-0.023027562
216,167,-0.020332968
217,27,0.02209509
217,156,-0.020097936
217,178,0.02205722
217,288,-0.025895279
217,363,0.021325227
217,565,0.024941359
217,626,-0.021289531
217,642,-0.023243627
218,198,0.020592114
218,255,-0.02022481
218,280,0.024128515
218,377,0.02220268
218,564,-0.022085931
218,680,-0.020858716
218,688,-0.021905703
218,703,-0.023289816
219,96,0.021487825
219,116,0.02596431
219,166,0.024922824
219,176,-0.020550858
219,213,0.02017337
219,293,-0.020727944
219,334,0.022049265
219,440,0.027849363
219,498,0.022983015
219,585,0.023622466
219,595,0.035840344
219,602,0.022170516
219,674,0.021870567
219,699,0.021911032
219,744,-0.02758308
220,17,0.02217791
220,332,0.021237766
220,348,-0.02292442
220,453,-0.024315195
220,454,-0.024462905
220,493,0.020750731
220,596,0.025541455
221,17,-0.021349585
221,34,0.025798583
221,325,0.023411946
221,342,0.026009655
222,31,0.022519873
222,286,0.020182665
222,328,-0.024089446
222,341,-0.020014439
222,370,0.021958672
222,581,0.020433756
222,670,-0.022273537
223,26,0.024322607
223,377,-0.020433027
224,111,-0.023105929
224,367,0.022391098
224,373,-0.022808416
224,411,0.025640907
224,445,0.021475108
224,704,-0.028448813
224,714,0.031031424
224,739,-0.020694342
225,89,0.023010986
226,9,-0.02146412
226,125,0.020917187
226,280,-0.02173656
226,319,0.02004872
227,11,-0.023180624
227,77,0.020383094
227,273,0.020427907
227,302,0.020392684
227,376,0.024070164
227,575,-0.021820385
227,729,0.02140166
228,422,-0.02005587
228,504,0.02238711
228,627,0.037890345
228,656,0.023663264
228,724,-0.021897115
229,91,-0.029746056
229,99,0.020166984
229,166,-0.022438636
229,272,-0.020062873
229,483,-0.022953818
229,644,0.02118503
229,668,0.020891879
229,707,0.04151852
229,731,-0.02155894
230,656,-0.021554705
230,682,0.020756166
231,77,0.02013073
231,260,-0.02456254
231,265,-0.020904426
231,281,0.021532958
231,342,0.023909463
231,400,0.020990519
231,591,-0.023253221
231,749,0.026919384
232,119,-0.020774221
232,208,0.029170334
233,72,-0.020921497
233,190,0.023051295
233,245,0.026248842
233,280,0.020849671
233,452,-0.025264297
233,703,0.023765543
234,15,-0.02080213
234,36,-0.020702146
234,73,-0.021346662
234,96,-0.022144986
234,193,0.020037564
234,195,0.023463601
234,257,0.020432783
234,489,0.027068896
234,569,0.021931086
234,668,-0.02030479
234,674,-0.022060327
234,707,0.024575055
235,157,0.027422618
235,284,-0.020460596
235,471,0.023445116
235,535,-0.020203952
235,700,-0.024027742
236,206,-0.030326637
236,305,-0.021893974
236,520,0.020401586
238,483,0.025249707
238,490,0.020673346
238,500,0.02053645
238,740,-0.02128998
239,98,-0.022353267
239,132,0.020471739
239,306,0.02011443
239,358,-0.022892335
239,455,-0.02233729
241,69,0.022858683
241,153,0.020050047
241,342,-0.02079865
241,413,-0.021657085
241,432,0.021912683
241,447,0.022566944
241,543,-0.020765258
241,741,0.02045834
242,2,0.02177889
242,7,0.021172522
242,126,-0.021438243
242,164,-0.020020602
242,181,-0.023606272
242,306,0.024898907
242,326,0.02160397
242,409,-0.020315042
242,511,0.020434974
242,558,0.020425484
242,630,0.022008022
242,654,0.024218509
242,656,0.023174733
242,696,0.02173833
243,51,0.021820363
243,140,-0.0222199
243,621,-0.020179497
244,446,0.0324767
244,731,-0.020413356
245,15,-0.021967152
245,176,-0.020442374
245,316,0.023175955
245,522,0.023201458
245,543,-0.020086147
245,581,-0.020021226
245,660,-0.02022886
246,7,0.025780803
246,197,0.021648517
246,324,-0.02170059
246,551,0.023656817
246,583,0.02049796
246,605,0.022238752
247,12,-0.023100406
247,77,0.020522077
247,233,0.020611884
247,304,0.021795869
247,367,-0.022477912
248,11,-0.024856184
248,30,-0.021531627
248,291,-0.022318322
248,638,-0.023550635
248,654,0.02419901
248,696,0.027576607
249,169,-0.02293721
249,219,-0.024322663
249,269,0.02298064
249,303,-0.020482335
249,325,0.021484263
249,338,0.021638118
249,444,0.021048289
250,37,0.029472444
250,290,0.026953423
250,529,0.021689065
250,544,0.02378258
250,563,0.021015555
250,668,-0.024274062
251,8,-0.035240225
251,280,-0.022487992
251,338,0.025057944
251,650,-0.020478496
251,700,0.025143158
252,128,-0.025275894
252,410,0.022890124
252,573,0.023371257
253,361,-0.022730827
253,492,0.03799135
253,508,-0.021769397
253,584,0.020963788
254,198,-0.024268167
254,484,0.020090202
255,114,-0.02235114
255,137,-0.020602873
255,487,-0.020078128
255,547,0.020314632
255,625,-0.028483443
255,686,-0.0205757
256,5,-0.022329334
256,37,0.02561468
256,104,-0.02065263
256,268,-0.02178808
256,295,-0.02490659
256,383,0.020004705
256,563,0.020002464
256,660,-0.020090023
256,688,0.022058776
257,25,-0.025546867
257,67,0.020608287
257,77,-0.020729123
257,92,-0.024260115
257,111,0.020953463
257,380,-0.024711464
257,459,0.025013594
257,505,0.020497065
257,731,-0.023324108
257,746,0.023041435
258,32,-0.020469291
258,94,-0.020713704
258,219,0.021019386
258,558,0.020363191
258,647,0.021911474
259,108,-0.020281699
259,118,-0.025664117
259,308,0.021213999
259,384,0.024089739
259,401,0.025436345
259,455,0.027893597
259,485,0.020924995
259,695,0.021436006
259,715,-0.03095618
260,10,0.029104179
260,34,-0.02818923
260,351,0.020753276
260,424,-0.021790417
260,427,0.023642836
260,432,0.023016987
260,478,-0.020319179
260,583,0.030436398
260,686,-0.020390397
260,740,0.020817831
260,746,0.026296753
261,8,-0.020029185
261,194,0.020596143
261,569,0.021852465
262,299,-0.02177452
262,322,0.020027358
262,363,-0.022198949
262,414,0.021045737
262,529,-0.021399291
262,662,-0.020899517
263,8,-0.023875324
263,21,0.023922915
263,96,0.02087743
263,277,0.025789713
263,416,0.020360308
263,623,0.033108257
264,6,0.020849887
264,30,0.024232492
264,54,-0.021982988
264,73,-0.026791975
264,74,0.022744806
264,80,0.022759764
264,116,0.021593358
264,123,-0.025621261
264,137,0.02102158
264,163,0.02000779
264,189,0.025066499
264,207,0.02657834
264,230,0.021617886
264,249,-0.031110486
264,494,0.023526145
264,522,-0.026176635
264,546,-0.027937045
264,623,-0.023074541
265,370,-0.031356886
265,390,0.020807307
265,424,0.020855986
265,570,0.028428031
265,624,-0.022672344
266,93,0.020240948
266,163,-0.022162244
266,183,-0.02675908
266,701,0.024172598
266,736,-0.02380576
267,61,-0.020181576
267,108,0.021203117
267,175,0.029843885
267,177,0.023802778
267,183,0.020972978
267,316,0.023442013
267,637,0.025261855
267,684,0.020975376
267,742,-0.020554334
268,27,-0.023029657
268,78,0.02331137
268,96,0.02182357
268,278,-0.0233341
268,457,0.02133554
268,657,-0.020395255
268,709,-0.024079675
269,66,0.025525825
269,72,-0.021965576
269,106,0.030109398
269,116,0.022577016
269,152,0.020217197
269,280,0.021380363
269,301,-0.025567928
269,320,0.021750517
269,353,-0.02369111
269,389,0.02871115
269,394,0.02793012
269,566,0.02029198
269,592,-0.0303479
269,687,0.024557244
270,181,0.020611372
270,421,0.023576079
270,454,-0.02026609
270,734,-0.023801958
271,53,0.02098874
271,93,-0.020338735
271,482,0.025568971
271,497,-0.02670144
271,638,-0.022161648
272,161,-0.020970006
272,222,0.02040308
272,245,-0.020059245
272,252,0.02066792
272,356,0.021601038
272,381,-0.022019321
272,637,0.025361707
272,648,0.022209575
273,69,-0.022775913
273,270,-0.024589159
273,586,-0.023704935
273,740,-0.02064973
274,93,0.024140382
274,121,0.02079944
274,165,-0.020892037
274,267,-0.021933427
274,321,-0.025327357
274,334,-0.022118924
274,353,0.026864579
274,370,0.024735432
274,413,0.021693554
274,532,-0.024069743
274,570,-0.021600269
274,700,0.02713698
275,34,0.020200165
275,118,0.02307977
275,177,-0.02235804
275,309,-0.021384414
275,627,-0.028885452
276,155,0.030710876
276,270,-0.0231348
276,342,0.025332157
276,389,0.03154774
276,504,-0.024882875
276,506,-0.020956421
276,660,0.020207606
276,670,0.028854646
276,672,-0.020864911
276,734,0.026263054
277,151,0.025107987
277,154,-0.02069817
277,285,0.026100405
277,305,0.021534774
277,390,0.029334243
277,441,-0.023059212
277,639,-0.022151874
277,644,-0.027264118
277,740,0.021300813
278,96,-0.024590494
278,431,-0.021150462
278,457,-0.023268519
278,721,-0.024373148
279,1,-0.020045195
279,3,0.030226644
279,65,-0.022208253
279,108,-0.023606192
279,346,-0.022891358
279,363,0.02185332
279,407,-0.02403134
279,506,-0.027990863
279,523,-0.020510653
279,526,-0.025333356
279,527,-0.02176583
279,642,-0.020267306
280,28,-0.021334056
280,81,-0.021007778
280,116,-0.020706004
280,207,-0.025238603
280,394,-0.022269804
280,610,-0.020274358
280,669,-0.021325868
280,700,0.02647432
280,707,0.020587796
281,7,-0.023824863
281,140,-0.023984496
281,367,-0.020295462
281,381,0.0243178
281,409,0.021112967
281,431,0.021417199
281,447,0.020841923
281,522,-0.022652337
281,601,0.021205181
282,326,-0.025672747
282,353,-0.02083503
282,499,0.023629623
284,155,-0.022614436
284,259,0.022998923
284,384,0.021369958
284,478,0.021763194
284,712,-0.02382121
285,264,-0.026173504
286,151,0.026686357
286,161,0.021806363
286,291,0.021206025
286,342,-0.026716061
286,386,-0.021194188
287,12,-0.021533338
287,114,-0.030075395
287,307,0.024361424
287,351,-0.021876482
287,610,-0.028783388
288,131,-0.030838778
288,181,0.024086969
288,546,0.021095576
289,530,0.021415386
290,340,-0.020614147
291,328,0.022919673
291,546,-0.020873893
291,716,0.025391199
292,432,0.020133272
292,482,-0.022859748
293,36,-0.020799333
293,260,0.022558521
293,584,-0.02357236
294,94,-0.021913588
294,418,-0.024146682
294,431,0.02423473
295,65,-0.02322847
295,373,0.020416012
295,424,-0.024642697
297,25,-0.021713302
297,33,-0.02360338
297,52,0.023346683
297,158,-0.020244058
297,169,-0.020381838
297,363,0.024505509
297,410,0.020163342
297,494,0.022418838
297,584,0.021895945
297,625,-0.02122619
297,678,-0.021115102
297,704,0.021292806
297,746,-0.021394085
298,186,0.02355845
298,226,-0.024294615
298,355,0.024745049
298,506,0.023668835
298,734,-0.02368191
299,7,-0.027087443
299,181,0.023038832
299,312,0.02017615
299,639,-0.023061339
299,737,-0.020581493
301,3,0.033977408
301,218,0.021831224
301,255,0.028003998
301,299,-0.022234121
301,313,0.023465512
301,389,0.023163293
302,1,0.020611651
302,398,0.022380568
302,482,-0.02308369
302,680,-0.029584054
303,61,-0.03224513
303,71,-0.02166853
303,106,-0.021901857
303,155,0.020635152
303,282,-0.020632178
303,635,-0.020849487
304,19,-0.02059654
304,50,-0.02390569
304,175,-0.022214778
304,395,-0.02169396
304,473,0.032892678
304,604,0.023098862
305,28,-0.025686348
305,83,0.023643576
305,169,0.024510106
305,245,0.022330083
305,419,-0.02225099
305,444,-0.021333376
305,507,0.025178898
305,521,-0.02039538
305,704,-0.022121413
306,8,-0.02580418
306,82,-0.025993194
306,125,-0.02136527
306,158,-0.020355457
306,181,-0.02114992
306,319,-0.022107651
306,391,-0.024688667
306,422,0.020615248
306,447,0.023393847
306,499,0.022328487
306,512,-0.025816517
306,650,0.02532652
306,672,-0.02329326
307,51,-0.02407726
307,96,0.020351043
307,135,-0.021774866
307,258,0.025607936
307,351,0.023021324
307,475,0.023916613
307,701,0.030188348
308,6,-0.022268772
308,87,-0.022583993
308,304,0.03232169
308,395,-0.026410813
308,630,0.020341823
308,674,-0.020408476
309,61,-0.020830289
309,131,-0.020327497
309,195,0.023827536
309,200,0.022278791
309,551,-0.020336593
309,660,-0.023458987
309,666,-0.020075459
309,670,-0.020758253
309,707,-0.020335538
309,710,-0.020256013
309,734,-0.02399729
310,484,0.021760793
310,697,0.02077311
311,2,0.02105613
311,260,-0.020133337
311,386,0.02486128
311,434,0.02110131
312,499,0.023954062
313,40,0.020617077
313,123,0.0209492
313,128,0.022250846
313,269,-0.020432917
313,285,0.021559343
313,737,0.02271583
314,115,-0.020916194
314,734,-0.024221672
315,698,-0.020170731
316,16,0.020404765
316,59,-0.023070931
316,71,0.022351032
316,75,0.023965266
316,87,0.025960775
316,177,0.024014084
316,190,0.025083926
316,239,-0.02595216
316,285,-0.023009002
316,286,-0.02417771
316,365,-0.02266274
316,605,0.024005303
316,627,-0.02265912
316,644,0.027540982
316,731,0.0216715
317,15,0.022527479
317,29,0.02011785
317,197,0.023872506
317,390,-0.021981942
317,414,-0.02279361
317,517,0.029502586
317,666,-0.021081023
318,239,-0.023149805
318,292,-0.020798815
318,446,0.022349875
318,699,-0.028076945
318,746,-0.020597441
319,18,-0.023958597
319,41,0.033814386
319,104,0.023797037
319,160,0.02374484
319,228,0.020632591
319,264,0.021452336
319,271,-0.020207794
319,484,-0.02328497
319,569,-0.023447283
319,668,-0.021903925
319,734,0.020257324
320,139,-0.022583034
320,275,-0.025222726
320,455,0.021707473
320,510,0.021567319
321,92,-0.021997571
321,110,0.02369611
321,378,-0.022528442
321,608,0.020261494
321,684,0.02174574
321,704,-0.023568079
322,32,-0.021906978
322,338,0.02270645
322,411,0.02517148
322,427,0.033798248
322,491,0.025293004
322,608,0.020213306
323,56,-0.020555146
323,72,-0.022506163
323,101,0.022011712
323,141,-0.023162283
323,251,0.025755344
323,266,-0.02074652
323,287,0.026480045
323,357,0.02983782
323,568,0.020786887
323,627,-0.022476375
324,0,0.024908368
324,241,0.021667426
324,393,-0.025590332
324,457,0.021274116
324,494,-0.021636171
324,638,0.022519298
324,678,-0.020025894
324,704,-0.020104289
325,6,0.02043857
325,31,-0.02739239
325,69,0.02117453
325,170,-0.023203641
325,348,0.021842789
325,367,-0.02301813
325,505,0.023331605
325,552,-0.02588017
325,638,-0.022584436
326,76,-0.021090439
326,81,-0.020514883
326,432,0.029646711
326,550,-0.020916741
326,566,0.022347461
326,657,0.020879528
327,273,-0.021275597
327,414,-0.022002252
327,532,-0.021951985
327,539,0.022794424
327,722,0.02833706
328,71,-0.020442901
328,85,0.031777944
328,147,-0.021567069
328,228,-0.022022802
328,261,-0.023934573
328,340,-0.030567085
328,368,-0.026960233
328,373,0.023328483
328,585,0.021029584
329,74,-0.023385469
329,183,0.023919294
329,200,-0.020300582
329,281,-0.020255076
329,286,-0.02280005
329,475,0.020917723
331,241,-0.023977753
331,432,0.0202436
331,563,-0.020859197
331,661,0.026198363
332,14,-0.020832364
332,109,0.027148971
333,21,-0.020557703
333,34,0.025755504
333,59,0.023108533
333,103,-0.020331273
333,498,0.025483359
333,664,-0.025802756
333,724,0.027602935
334,82,0.02996072
334,92,0.020587917
334,117,-0.02296075
334,293,-0.02242782
334,531,-0.0224258
335,205,0.025177935
335,384,-0.02260768
335,550,-0.025781682
336,19,-0.020695148
336,236,0.024051925
336,665,-0.024244025
337,24,-0.023884458
338,103,-0.022468874
338,169,-0.0204919
338,247,-0.022384813
338,307,-0.021024358
338,452,0.02418393
338,465,-0.022363678
338,731,0.026669111
339,152,0.027022848
339,579,-0.021030415
339,608,-0.025886266
339,688,0.020528877
339,703,-0.023543993
340,59,-0.023831192
340,96,-0.02123966
340,320,-0.025546497
340,459,-0.0200781
340,528,0.030468406
340,608,-0.022174599
341,25,-0.022917151
341,534,0.020900887
341,544,-0.020859199
341,601,0.021730762
341,629,0.020150898
342,227,-0.024148175
342,260,0.0207908
342,605,0.021034185
342,608,0.020099152
342,613,0.02037422
343,21,-0.025727386
343,177,-0.021702057
343,314,0.020903075
343,554,-0.020288268
344,222,-0.020181015
344,351,-0.023920013
344,450,-0.021058656
344,511,0.02053812
344,614,0.020776851
344,686,0.023629284
345,441,0.021125033
345,505,0.026229315
346,29,-0.020738116
346,95,-0.020973304
346,163,0.022196965
346,380,-0.02390781
346,406,0.020798162
346,517,-0.021995038
346,583,0.020702021
346,666,0.024681587
346,677,-0.02100129
346,693,-0.021009177
346,694,0.02259854
346,741,0.027557334
347,58,-0.021577222
347,392,0.021123858
348,134,0.028879244
348,284,0.020756975
348,306,0.020857573
348,418,0.021921886
348,419,-0.025112933
348,521,0.02181016
348,621,-0.024593553
348,633,-0.021573048
349,141,-0.025561674
349,351,-0.02585112
349,474,-0.025449215
350,366,0.021104982
350,381,-0.023997828
350,404,0.021379733
350,483,0.020639127
351,85,-0.02891474
351,419,0.024919378
351,519,-0.021038298
351,672,-0.023381475
352,225,-0.032223992
353,61,0.022772094
353,77,0.020884011
353,207,0.031605545
353,233,0.034820385
353,396,-0.023922127
353,404,0.021829603
353,496,-0.020879027
353,655,-0.023443144
353,665,0.027080989
354,16,0.020164786
354,723,0.020542014
355,96,0.020374596
355,100,-0.021936443
355,104,-0.020096913
355,189,0.022173196
355,206,0.022348927
355,288,-0.020513846
355,302,-0.020784292
355,442,-0.024035966
355,752,0.02667858
356,72,-0.021661986
356,101,-0.02393691
356,161,0.021091739
356,293,-0.021538494
356,303,0.020097053
356,353,0.027762217
356,478,0.025999648
356,579,-0.022775555
356,659,-0.020218147
356,664,-0.0226628
356,707,0.020953238
357,18,-0.02196846
357,96,0.021976652
357,111,-0.023302808
357,157,-0.026828917
357,171,0.021278938
357,447,0.02028341
357,535,0.022120258
357,706,-0.02392505
357,746,0.023837052
358,139,-0.024803285
358,237,0.020412397
358,258,0.021197746
358,260,-0.028990928
358,277,-0.025107587
358,316,-0.023154106
358,322,-0.021661783
358,465,0.022444705
359,199,-0.020060787
359,203,-0.021182086
359,220,-0.023063896
359,345,-0.021915337
359,383,0.020185009
359,413,-0.024827221
359,563,-0.020146845
359,577,0.02198206
359,609,0.020032272
359,693,-0.021110883
360,0,0.022433355
360,32,-0.020618057
360,145,-0.020024909
360,615,0.022615423
361,77,0.024639387
361,171,0.021269318
361,329,-0.023756498
361,622,-0.021529023
362,545,-0.028472526
362,616,-0.028818661
363,2,-0.021389022
363,295,-0.02177418
363,328,0.02460744
363,465,0.022047238
363,494,0.024373328
363,501,-0.026348356
363,596,0.020534426
363,640,-0.020714583
363,668,-0.022440284
365,351,0.02233091
365,373,-0.021387989
365,559,0.03115262
365,613,-0.02227854
365,644,0.024262344
366,29,-0.021152984
366,38,0.020961804
367,9,-0.0283243
367,111,0.021283831
367,386,-0.020475052
367,447,-0.023417233
367,638,0.023151532
368,76,0.023992142
368,249,-0.021400765
368,536,-0.023723654
368,564,0.021677425
368,578,0.020695573
368,742,0.020199746
369,235,-0.021384532
369,243,0.020121759
369,271,0.022684054
369,279,0.029693814
369,446,-0.021184484
369,536,-0.020478942
369,594,0.021749647
369,620,-0.022566056
370,68,-0.023780547
370,252,-0.02112833
370,386,0.025977716
370,430,0.0209834
370,642,-0.0221997
370,650,0.02008532
372,96,0.02135144
372,162,0.025969215
372,189,-0.025796928
372,192,0.02123025
372,242,0.03319449
372,318,-0.022391614
372,336,0.021188732
372,457,0.020428384
372,488,0.022643471
373,3,-0.020136517
373,116,-0.020088753
373,281,-0.02173546
373,324,0.020039601
373,533,0.023556711
373,563,0.022795398
374,209,-0.020421486
374,589,-0.020233767
374,694,-0.020602845
375,3,-0.030675542
375,243,0.027062768
375,276,0.02491602
375,302,-0.020193465
375,722,-0.02265638
376,63,-0.020282334
376,135,-0.022421837
376,241,-0.025839584
376,457,-0.020333076
376,612,-0.020791847
376,620,-0.020274442
376,624,-0.020723902
377,17,0.023561364
377,36,-0.023382781
377,65,-0.030165358
377,373,-0.025859917
377,411,-0.027568735
378,43,0.021705208
378,329,-0.020842656
378,344,0.022638666
378,351,0.025287105
378,383,0.02167671
379,123,-0.020972949
379,221,-0.020912353
379,301,-0.026976898
379,316,0.022457153
379,420,-0.0273075
379,503,0.024991995
380,20,-0.022315022
380,86,-0.020451786
380,132,-0.0244044
380,321,0.020291794
380,501,0.02156633
380,637,-0.027597694
380,706,0.02603305
381,94,0.022999935
381,96,-0.021098712
381,163,0.021309845
381,198,-0.020156931
381,206,0.024893504
381,336,0.02069795
381,389,0.020925662
381,393,0.023499528
381,506,0.021172239
381,633,-0.021477547
381,729,-0.020611506
382,10,-0.022855368
382,203,0.020616854
382,305,0.024199037
382,487,0.023647882
382,672,0.023069872
382,710,-0.031369857
383,79,0.02337098
383,250,0.024855537
383,317,0.030567879
383,419,-0.023687046
383,665,0.025263121
383,675,-0.023546223
384,172,0.024064953
384,181,0.027096083
384,222,-0.02453749
384,373,0.020619128
384,442,0.020565145
384,457,0.022844365
384,591,-0.020427445
384,637,0.021774082
384,647,-0.026621759
385,16,-0.021844001
385,29,0.02123115
385,70,-0.021668972
385,430,0.020158479
385,510,0.025750816
385,570,0.020186946
385,664,0.02448358
385,674,0.020791007
385,746,-0.020035993
386,11,-0.025920674
386,81,0.02678096
386,397,0.021188956
386,608,0.02368362
386,664,-0.022302004
387,46,0.02443187
387,96,-0.026893847
387,396,-0.023493638
387,468,-0.021354903
387,657,0.020311635
387,660,0.02893996
387,737,0.0227075
388,50,0.02056304
388,57,-0.025411585
388,234,-0.023185788
388,294,-0.022388985
388,505,0.032961786
388,622,-0.023919396
388,626,-0.02700957
388,657,0.023296481
388,665,-0.021474343
389,32,0.02118868
389,308,0.026695333
389,359,0.022287002
389,492,-0.025021238
389,509,0.021044867
389,687,0.025771301
389,694,0.021514999
390,10,-0.021678276
390,142,-0.020790257
390,171,0.0209942
390,212,0.022667538
390,215,0.023928506
390,380,-0.020072723
390,405,0.02478606
390,556,-0.020735404
390,610,0.022297679
391,214,0.027384354
391,290,-0.023191651
391,356,0.023459403
391,418,-0.024839642
391,540,-0.025003856
391,551,0.020299818
391,673,-0.022742763
392,98,-0.034522247
392,128,-0.031829104
392,309,-0.020418158
392,476,0.02566884
392,598,0.020845529
392,602,0.021907559
393,57,-0.024613261
393,111,-0.03373012
393,151,0.02298074
393,168,-0.034167945
393,195,0.020196527
393,217,0.03834652
393,411,0.025722804
393,475,0.021895612
393,495,-0.021036
393,515,-0.022041842
393,532,-0.022405878
393,568,-0.021320835
393,596,-0.024563314
393,640,-0.023018168
393,656,-0.023644444
393,693,-0.02166313
394,183,0.020693418
394,320,0.020286277
394,411,-0.021885326
394,496,-0.022286013
394,621,0.022443045
395,54,-0.024237923
395,57,0.02035942
395,302,0.030897379
395,552,-0.020885661
395,609,-0.020866143
395,626,0.024131862
396,43,0.021478236
396,114,0.023084963
396,313,0.023477092
396,654,0.022617748
397,98,0.024552235
397,123,-0.020997956
397,138,-0.022864243
397,184,0.02012237
397,204,-0.020126043
397,247,0.023270339
397,588,-0.024544077
398,128,-0.024608709
398,287,-0.02042295
399,1,0.02795379
399,186,0.021396296
399,332,-0.02177223
399,508,-0.020422485
399,519,-0.020503702
400,8,-0.021195576
400,59,0.027004078
400,178,-0.026160315
400,414,-0.028761651
400,513,-0.02047792
401,35,0.020248502
401,85,0.024102364
401,441,-0.020584583
401,457,0.029076189
401,489,0.020748524
401,547,-0.021799892
401,552,0.023653619
401,707,0.020357514
401,727,-0.021554494
401,741,-0.021857992
402,461,0.021145634
402,553,0.020222412
402,617,0.023799095
403,45,-0.020939872
403,643,-0.020010794
403,650,0.020627601
404,81,0.024237622
404,252,-0.03325447
404,566,0.021735242
405,16,-0.022854922
405,72,0.020548081
405,80,-0.026336139
405,431,-0.020248717
405,440,-0.022536734
405,710,-0.0205989
405,751,0.021137517
406,67,-0.02162305
406,128,-0.02220898
406,203,0.025928164
406,359,-0.03331672
406,380,-0.020314038
406,720,0.02362514
406,749,-0.022745669
407,250,0.020251643
407,654,0.021675311
408,50,-0.02390068
408,151,0.026097834
408,193,0.023066038
408,229,-0.035271786
408,250,-0.02030336
408,279,0.020457886
408,388,0.022301674
408,419,0.021366302
408,644,0.021422874
409,83,0.021030456
409,220,-0.023540525
409,246,-0.025969345
410,52,0.023539966
410,76,-0.021087792
410,85,-0.024542224
410,90,0.020074815
410,140,0.02030375
410,276,-0.02516207
410,488,-0.024043316
410,510,-0.023249554
410,700,0.027566265
410,708,-0.020979311
410,752,-0.029455354
411,61,-0.020774743
411,131,-0.022484463
411,165,-0.027511152
411,194,-0.020729894
411,274,-0.021344008
411,325,0.020283485
411,412,0.020923562
411,458,0.024872504
411,641,0.020245882
411,693,0.021905193
412,115,0.021350766
412,214,-0.02376585
412,389,0.020098386
412,483,-0.02540723
412,493,0.022232125
412,607,0.02123709
412,631,-0.021726476
412,752,0.020566039
413,5,0.023041626
413,10,0.020638423
413,29,-0.028647972
413,521,-0.025122786
414,69,0.02586653
414,356,0.020867368
414,422,0.022565357
414,447,0.03579477
414,497,0.022659266
414,527,-0.02164627
415,71,-0.022008162
415,552,-0.02061817
415,627,-0.025064312
416,41,0.02339213
416,65,0.02119926
416,178,-0.02170686
416,224,0.022069428
416,297,-0.022051677
416,306,-0.028510524
416,319,0.024502112
416,359,-0.022286233
416,526,0.026376752
416,625,-0.020570608
416,644,-0.022418479
416,647,0.020192955
417,616,0.020696694
418,118,-0.024242954
418,135,-0.021297531
418,223,0.022890406
418,227,-0.025251003
418,288,0.02418995
418,354,-0.020328099
418,358,-0.028148329
418,377,0.021416703
418,544,0.021131469
418,563,0.02068953
418,565,-0.024039233
418,623,-0.023182472
419,356,-0.023512088
419,462,-0.024811272
419,483,0.022219174
419,661,0.022137139
420,51,-0.025833493
420,87,-0.020147638
420,411,0.02378722
420,506,-0.022995614
420,563,-0.025928028
420,621,-0.020200344
420,648,-0.020447658
420,686,0.021713888
421,199,0.024393534
422,0,0.025562773
422,14,0.020090282
422,75,-0.020712143
422,81,0.021780286
422,136,0.028602818
422,242,-0.02348411
422,252,-0.028290104
422,275,-0.021972908
422,376,0.023887653
422,610,-0.027203785
423,166,0.02596579
423,198,0.022028387
423,372,-0.02127083
424,151,-0.020293312
424,344,0.020162223
424,404,0.024001727
424,414,0.020233542
424,469,0.020993961
424,501,-0.021362307
424,534,-0.021864459
424,563,-0.021579145
425,508,-0.022079425
425,549,0.022846824
426,15,-0.023116449
426,293,0.021479245
426,440,0.025025923
426,453,-0.023098793
427,52,0.0232976
427,110,0.020371737
427,580,0.024463411
428,538,-0.02813834
430,244,-0.020356169
430,478,0.025097432
430,482,-0.021063726
430,660,-0.021641834
430,666,0.02235718
430,674,0.020098582
431,125,0.031876154
431,219,0.021348342
431,339,0.021105973
431,388,0.023561182
431,533,-0.023794102
431,542,-0.02420531
431,663,0.022242844
431,706,0.020556211
431,707,0.024527267
432,501,-0.024103899
432,700,0.023790743
432,709,0.02621285
432,716,-0.02083567
432,739,-0.020134361
433,25,0.020888723
433,253,-0.024836674
433,345,0.024094969
433,355,0.023832718
433,425,0.02080316
433,450,0.021305969
434,172,-0.020037485
434,309,-0.0271121
434,363,-0.02057504
434,676,-0.029211542
435,18,-0.02094283
435,44,-0.025154702
435,76,-0.028487386
435,77,0.024544649
435,91,-0.030402979
435,223,0.024161765
435,356,0.020494148
437,480,0.022078527
437,502,-0.023738777
438,149,-0.024802133
438,399,0.024566257
438,496,-0.02372019
438,752,0.022588868
440,43,0.02024914
440,381,-0.02319944
440,419,-0.020232465
440,506,-0.02016246
440,647,-0.023062488
441,25,0.020109087
441,117,0.020964684
441,326,0.023729777
441,440,0.02350384
441,521,-0.02831372
441,626,0.026596505
441,681,0.020923642
442,90,-0.024245337
442,96,0.020558989
442,100,0.027508795
442,256,0.02738075
442,268,-0.02385514
442,333,-0.020098768
442,649,-0.02084188
443,570,0.021725006
443,740,-0.02174813
444,477,0.02034226
444,550,0.023571108
444,648,0.022243075
445,326,-0.021489855
445,340,0.021595165
446,98,0.020397522
446,237,-0.02016678
446,288,-0.024560558
446,389,-0.03384583
446,485,0.024776332
446,635,-0.029666176
446,687,0.020486139
446,717,0.028185211
447,85,0.02082509
447,118,-0.025279282
447,228,-0.020267976
447,503,-0.029151607
448,41,0.021443874
448,54,-0.021437159
448,150,-0.02195605
448,637,0.023936797
450,170,-0.021295164
450,202,-0.023607265
450,330,-0.025607193
450,368,-0.025225447
450,727,-0.02098675
452,1,-0.027642405
452,110,0.020885427
452,203,0.022531645
452,248,-0.022959922
452,318,0.025035273
452,353,0.027722731
452,585,-0.021378428
452,644,-0.022149596
453,290,0.023258552
453,395,-0.021032257
453,490,0.023088878
453,614,0.023255354
454,26,-0.025585992
454,71,0.021925464
454,128,-0.02325595
454,676,0.02632605
455,1,0.02323933
455,20,0.021000918
455,156,0.021291612
455,173,0.020700667
455,469,-0.021755425
455,565,-0.024206413
455,583,-0.035482347
455,717,-0.02333607
456,182,-0.022218889
456,343,-0.02686601
456,357,0.020881362
456,443,-0.025381917
456,642,0.02016619
456,701,0.02068767
456,746,-0.022967268
457,163,0.02118117
457,166,-0.022300944
457,253,0.021197557
457,404,0.023714561
457,473,-0.028519824
457,509,0.024198672
457,584,-0.02124304
457,629,0.025394537
457,704,0.020262927
458,39,-0.021477642
458,235,-0.022392273
458,284,0.022207463
458,395,0.021244649
458,507,-0.02329759
459,118,0.02160054
459,172,-0.020129586
459,264,0.027896637
459,387,-0.021500068
459,527,0.028942471
459,683,-0.02025705
459,749,0.021971194
460,63,0.024114141
460,80,-0.02434752
460,147,0.025059812
460,252,0.02228909
460,315,-0.020228455
460,373,0.022072451
460,476,-0.02359164
460,486,0.021113778
460,497,-0.021649621
460,601,-0.021220151
460,677,-0.021227378
462,455,-0.025367416
462,564,0.021243194
462,600,0.02264615
464,71,-0.022263296
464,99,-0.029224759
464,223,-0.02141363
464,446,0.022013353
465,92,0.021074576
465,300,0.023222122
465,434,-0.022548022
465,700,0.021171479
465,751,0.026297841
466,36,-0.023008939
466,152,0.021271849
466,311,-0.0207986
466,405,-0.024538908
466,577,0.0215722
467,24,0.020732222
467,727,0.023588156
468,70,0.020584537
468,179,-0.020331679
468,273,-0.020710249
468,354,0.02066983
468,554,-0.025720393
468,576,0.022595601
468,654,0.027195362
469,12,-0.020378256
469,108,-0.023318069
469,122,0.02221463
469,201,0.02264347
469,274,-0.021471499
469,652,0.02017245
470,213,-0.02959174
471,292,-0.02299315
471,518,-0.022154892
472,215,0.022058805
472,300,0.020622905
472,408,-0.022236887
472,499,0.020395458
472,537,-0.02013296
472,684,0.022614889
473,25,-0.022574067
473,248,0.021178393
473,260,-0.025821852
473,291,0.024598012
473,395,-0.022140648
473,506,0.021766156
474,413,0.021384826
475,137,-0.02140298
475,361,-0.023977984
475,474,-0.021211043
475,592,0.024152832
476,109,-0.027852558
476,166,-0.024339626
476,255,0.021465488
476,267,-0.020737818
476,333,-0.02042588
476,395,-0.028010707
476,577,0.02010118
476,602,0.021639572
477,69,0.024137946
477,84,0.021767154
477,175,-0.025184263
477,229,0.02334295
477,236,-0.021597005
477,486,-0.02320574
477,570,0.020588871
477,626,0.021705203
477,651,0.023391023
477,654,-0.032420795
477,657,0.03479114
478,111,-0.024349766
478,171,-0.025934188
478,348,-0.023556901
478,381,-0.02588877
478,391,0.020313907
478,407,-0.022077417
478,426,-0.023440318
478,475,0.020032577
478,494,0.020931458
478,559,0.0220012
478,601,0.020576216
479,80,0.020716209
479,304,-0.021226425
479,543,-0.022028591
479,584,0.020630369
480,102,0.02094517
480,593,-0.032923173
481,16,0.020668365
481,262,-0.02168804
481,304,0.020557445
481,426,0.022517981
481,610,0.025952483
481,681,0.02479846
482,161,0.023681242
482,186,-0.021013714
482,577,-0.02328499
482,700,0.026847165
483,121,0.022216678
483,283,0.020367162
483,304,0.020455642
483,424,-0.033265274
483,458,-0.023873111
483,491,-0.022789467
483,498,-0.022876654
483,582,0.020623993
483,683,-0.021856764
483,731,0.029273147
484,170,0.028056515
484,207,0.028238468
484,351,0.023139058
484,591,-0.020609552
485,47,-0.022878027
485,96,-0.020275844
485,214,0.021601241
485,283,0.022865612
485,305,-0.028451834
485,486,-0.022654234
485,489,-0.021708386
485,720,-0.020584771
486,31,-0.022414858
486,220,0.020152716
486,456,0.026980275
486,610,-0.023177365
487,91,0.020093404
487,103,-0.021513063
487,223,-0.022013988
487,486,0.024162399
487,532,0.020634077
487,539,0.020650508
488,199,-0.021328572
488,329,0.02556399
489,136,0.02453705
489,257,0.025974024
489,327,-0.022871131
489,608,0.033830244
489,656,0.032294236
490,79,-0.020004438
490,402,-0.023328712
491,67,0.023851372
491,93,0.021946782
491,144,0.02651654
491,373,0.021853387
491,393,-0.024226192
491,510,-0.023163121
491,554,-0.024953846
492,0,0.021813376
492,232,0.022867719
492,261,-0.022066122
492,279,-0.022824207
492,378,0.025587074
492,401,-0.020748314
492,477,-0.022784965
493,112,0.03010557
493,218,0.02120651
493,260,-0.022853412
493,353,0.021398433
493,383,0.03058042
493,397,-0.025416976
494,126,-0.02044341
494,250,-0.023935048
494,448,-0.020797236
494,631,-0.032067284
495,27,-0.022626068
495,109,-0.020015288
495,140,0.022496568
495,294,-0.021603402
495,308,0.023517909
495,681,0.021692457
495,738,-0.020442626
496,78,-0.028125383
496,188,-0.02522305
496,223,-0.020025274
496,483,-0.020904116
496,540,-0.02025623
496,574,-0.020487508
497,355,0.022649422
497,393,-0.030143272
497,547,0.028159546
498,268,-0.02129375
498,300,-0.021833677
498,519,-0.02326008
498,566,-0.023181198
498,581,-0.033900045
498,655,-0.024589207
499,153,0.02136703
499,211,0.021996673
499,287,-0.020161314
499,340,-0.023858916
499,367,0.023297127
499,449,-0.021615203
499,648,0.026707554
500,630,0.021365639
501,2,0.02037254
501,39,-0.025332933
501,144,-0.021321872
501,207,0.03452795
501,217,0.023213916
501,279,0.020762052
501,392,0.022759626
501,707,0.023797082
503,91,0.023017472
503,136,0.023571678
503,293,0.022077953
503,383,0.020162806
504,28,0.022070717
504,59,-0.023963535
504,90,-0.021727225
504,132,0.020359587
504,134,0.02017933
504,136,-0.022729773
504,241,0.025045635
504,260,-0.028206594
504,365,-0.020397466
504,370,-0.021973666
504,462,0.023165068
504,509,0.020215303
504,521,-0.020943766
504,717,0.021908779
505,6,0.025722189
505,42,-0.020766757
505,172,0.024942342
505,262,0.02587639
505,350,0.021620573
505,598,-0.02292433
505,655,0.021404391
505,708,-0.0275892
505,742,-0.022291375
506,57,-0.022132406
506,131,0.023726022
506,165,-0.037959736
506,255,-0.030839358
506,274,0.022115821
506,409,-0.026046159
506,441,0.023103083
506,460,-0.020571772
506,607,0.02335389
506,714,-0.021917453
506,746,-0.024334228
507,21,0.021714643
507,36,-0.026110882
507,128,-0.022783952
507,346,0.021722661
507,357,0.020542102
507,523,-0.03248064
507,653,-0.021019436
507,666,0.025689611
507,688,-0.031455565
507,738,0.022122739
508,64,-0.021002859
508,124,-0.021321148
508,244,-0.020618433
508,475,-0.022098107
508,591,0.021409705
508,688,-0.0241656
508,746,0.020066295
509,18,0.021790111
509,227,-0.02119587
509,322,0.021987189
509,501,0.02748
509,583,-0.02521232
509,717,0.026625913
509,718,-0.021776114
510,73,0.021595603
510,169,-0.02225097
510,241,-0.020305367
510,320,-0.02078963
510,332,0.022233088
510,444,-0.02109295
511,80,-0.022220425
511,91,-0.024227142
511,256,-0.022315886
511,483,0.022823365
511,534,0.020316062
512,26,-0.025236158
512,139,0.022245318
512,221,0.020103727
512,320,0.024225272
512,340,0.02036193
512,356,-0.030398218
512,401,0.020884281
512,529,-0.024337549
513,86,-0.025554288
513,395,0.022630606
513,457,-0.020352406
513,464,0.032387137
513,493,0.020959282
513,722,-0.025897143
515,66,0.022133913
515,88,-0.02299326
515,268,0.022987492
515,366,0.020098943
515,390,-0.02012639
515,408,-0.02474275
515,551,-0.023799744
515,576,0.020384789
515,710,0.021870006
516,9,0.021050544
516,14,0.024805387
516,185,-0.020417674
516,197,0.02048264
516,329,-0.024135737
516,370,0.021098623
516,455,0.02095461
517,31,0.023912428
517,93,-0.027325429
517,178,-0.022870874
517,194,-0.020476542
517,411,-0.020831086
517,481,-0.023654135
517,615,0.020135088
517,654,-0.03197798
517,677,0.021810513
517,738,0.02305006
519,117,-0.021555694
519,157,-0.022157215
519,197,-0.023894366
519,740,-0.027967734
520,201,0.02796555
520,508,-0.021872766
521,222,-0.026703216
521,242,-0.02112991
521,262,-0.021866655
521,272,0.020670291
521,346,0.022875883
521,394,0.02724506
521,610,0.022197876
521,653,-0.022893202
521,665,-0.021539401
522,73,0.02709283
522,86,0.020208256
522,136,-0.020960053
522,182,0.020160573
522,190,-0.025063459
522,321,-0.024143636
522,393,0.022960607
522,608,-0.030418465
522,638,-0.023623833
523,94,0.025180545
523,150,-0.024788076
523,278,0.02045971
523,517,-0.025189484
523,568,0.022287793
523,740,0.02135138
525,541,0.022492435
526,55,-0.026035264
526,120,-0.025534362
526,152,-0.020233449
526,272,0.025188597
526,369,-0.020907892
526,630,-0.021761317
527,56,-0.020336928
527,57,-0.02294513
527,66,0.022810742
527,283,-0.023748983
527,739,0.031046491
528,2,0.021089591
528,211,0.02195784
528,274,-0.023061834
528,275,0.021562295
528,326,-0.02230332
528,372,0.022406774
528,424,-0.020243395
529,9,-0.020754978
529,527,0.0230709
529,576,-0.03230547
529,669,-0.02606384
529,716,0.021498311
530,63,0.021348175
531,52,0.021099424
531,657,0.02620684
531,682,0.027364913
532,230,-0.020292377
532,309,0.020402942
532,411,-0.021314003
532,577,-0.029868143
532,674,-0.023623696
533,77,-0.021320207
533,104,0.022111962
533,513,-0.021199528
533,529,0.021105055
533,622,-0.02251009
534,255,-0.021933539
534,405,-0.02000423
534,589,-0.024623709
535,265,-0.0210407
536,115,0.021067841
536,248,-0.020743687
536,563,0.02746955
536,709,0.02159749
537,118,-0.022031505
537,386,0.02495869
537,482,0.020575339
539,2,0.020997375
539,20,0.028530242
539,25,0.0200544
539,221,0.021288576
539,300,-0.023680808
539,414,0.024693247
539,459,0.022336394
539,592,0.023447324
539,646,-0.033413958
540,144,0.021460442
540,223,0.022652425
540,263,0.026132766
540,582,-0.028241886
540,605,0.020830505
540,749,0.021395184
542,60,0.025685767
542,122,-0.020154618
542,140,-0.023061257
542,532,0.022036124
542,653,-0.022890242
542,668,-0.021961177
543,147,0.02209798
543,177,-0.02211059
543,446,-0.02107614
543,483,-0.023816166
543,577,0.021879133
543,618,-0.020058885
544,200,-0.023189513
544,444,-0.025731513
544,491,-0.021196762
544,547,-0.026494872
544,590,0.023161717
544,652,-0.02151538
544,751,-0.024028664
546,34,-0.020317517
546,54,0.022403805
546,96,0.02406561
546,166,-0.021536017
546,297,-0.02455957
546,326,0.025771879
546,328,-0.020089742
546,487,-0.022025282
546,527,0.02070407
546,628,0.020062096
547,176,0.022560371
547,272,-0.020211183
547,299,0.020288184
547,443,-0.02042355
547,477,0.023671985
548,460,0.022758914
549,27,0.023086555
549,39,0.021484716
549,114,0.030523026
549,181,0.025024837
549,239,-0.021211943
549,288,-0.027847197
549,647,0.020512667
550,128,0.0218878
550,245,0.022629766
550,286,0.020453919
550,344,0.027202249
550,386,-0.020203825
550,450,-0.021141287
550,671,-0.02068436
551,336,-0.021146642
551,396,0.022871468
551,709,0.021523884
552,39,0.021502452
552,515,-0.020957967
552,563,-0.023513865
552,658,-0.026187323
554,5,-0.02158581
554,30,-0.025896482
554,55,0.023882646
554,76,-0.022453045
554,277,0.020010343
554,386,0.023134803
554,392,0.026078401
554,540,0.022902327
554,597,-0.020466628
554,751,0.02828137
556,52,-0.021957675
556,129,0.02089117
558,122,0.027388347
558,170,0.020039516
558,200,-0.021645155
558,241,-0.023782283
558,506,0.02387472
558,667,0.020472556
558,707,0.021443995
558,739,0.020377643
559,16,-0.031398777
559,167,-0.021250378
559,505,0.022610785
559,608,-0.021410206
559,706,-0.02119335
560,745,0.020206172
561,38,0.02586699
561,308,0.025720026
561,357,-0.021374358
563,57,-0.023329522
563,74,0.026851522
563,75,-0.023653569
563,103,-0.025974251
563,343,0.020735063
563,408,-0.023311134
563,601,0.020915015
563,618,-0.023276512
564,170,0.021268845
564,282,0.023696171
564,305,-0.026515717
564,483,0.021915507
564,558,-0.024299152
564,578,0.025273317
564,627,-0.021923117
564,644,0.022991458
564,646,0.023960717
564,655,0.021275599
564,701,-0.022213634
565,501,0.021675887
565,516,-0.022772409
565,586,-0.021620827
566,356,-0.02403752
566,363,0.026204662
566,490,-0.021365805
566,495,-0.020203762
566,554,0.022256313
566,576,0.020362103
566,732,0.02241217
567,296,0.024167832
567,425,0.022688359
567,575,-0.023877086
568,76,0.02342045
568,101,-0.024356144
568,269,-0.023396844
568,387,0.022736644
568,388,0.021345502
568,447,0.020636262
568,638,-0.028438183
568,715,-0.02617282
569,47,-0.027340785
569,92,0.024766447
569,236,0.02028298
569,253,0.024246817
569,380,-0.026608402
569,491,-0.025029635
569,693,-0.024735382
570,6,0.024206864
570,28,-0.021565685
570,76,-0.022594694
570,134,0.031366434
570,237,-0.022557765
570,268,-0.022147363
570,319,-0.02100853
570,466,0.022890138
570,728,-0.020451767
571,320,0.021411877
571,513,0.020487681
573,14,-0.023470948
573,19,0.02089103
573,99,-0.020695679
573,192,-0.020993866
573,217,0.0255762
573,357,0.022105936
573,487,-0.020377254
573,576,0.022241568
573,585,-0.020751724
573,589,0.030073186
573,602,0.024767987
573,614,0.02098068
573,627,0.021102449
574,21,0.028458627
574,80,-0.02117074
575,705,-0.024358341
576,76,-0.020289171
576,283,0.025666256
576,316,0.023107858
576,338,-0.021330174
576,343,-0.021218853
576,355,-0.023270698
576,543,0.021812743
576,602,0.022024043
576,621,0.020915816
577,8,0.02060283
577,14,-0.021194147
577,76,0.028030423
577,200,0.021350546
577,365,0.022898765
577,487,0.020772355
577,521,-0.025096346
577,563,0.023920424
577,722,0.025621459
578,26,-0.02231609
578,142,0.020949723
578,151,0.020873837
578,268,0.020706989
578,383,-0.022673063
578,422,-0.030384306
579,82,0.025417726
579,116,-0.026844967
579,121,0.025548987
579,248,-0.020823486
579,396,0.023755874
579,434,-0.026475228
579,452,0.026285771
579,570,0.024999276
579,656,-0.026529312
579,731,-0.025078109
580,614,-0.0241466
581,111,0.02090561
581,370,-0.021210069
582,85,-0.02020211
582,265,0.021174429
582,704,-0.020106353
583,33,-0.020531986
584,26,-0.021062134
584,146,-0.02485046
584,252,0.020359466
584,361,0.025290439
584,415,0.029630193
584,430,-0.026492456
584,516,0.022886302
585,51,-0.025876107
585,242,0.022945818
585,287,0.022917157
585,440,0.027935209
585,443,-0.021420304
585,499,0.02034908
585,501,-0.021332972
585,569,0.021398226
586,101,0.021478603
586,618,-0.027072025
586,648,0.02172985
586,653,0.025485242
586,672,0.029400652
587,468,-0.024538519
588,116,0.020516481
588,274,0.02326979
588,422,-0.0207416
588,469,0.021951234
588,533,0.028642882
588,696,-0.020166429
589,78,0.020245599
589,283,0.02091542
590,233,0.022034872
590,247,0.024435164
590,738,-0.021070523
591,36,-0.022229956
591,325,0.021272065
591,355,-0.020320479
591,408,0.02700359
591,415,0.024904083
591,440,-0.02176395
591,570,-0.023908354
591,728,-0.020536223
591,749,-0.028271567
592,112,-0.021322576
592,280,-0.023415508
592,386,-0.021251189
592,570,-0.020814987
592,622,-0.026427492
593,747,0.021146823
594,168,-0.026163455
594,392,-0.020111324
594,563,-0.020429073
594,635,-0.022548964
594,738,0.022118146
595,72,0.022315787
595,73,0.021276824
595,431,-0.026508205
595,435,-0.020144409
595,477,0.021731688
595,573,0.020604733
596,357,-0.020394422
596,423,0.020079391
596,618,0.020978322
596,687,-0.022502182
597,170,0.02063285
597,176,-0.024072843
597,192,-0.023628766
597,203,-0.021692919
597,419,0.022751356
597,459,0.024584925
597,464,0.021766167
597,473,-0.020732515
597,724,-0.022155972
598,267,-0.026886195
598,288,-0.022029266
598,489,0.021571944
598,627,0.02375277
600,69,-0.021139013
600,150,0.023296218
600,384,-0.022543957
600,404,0.020236533
600,602,0.021291347
600,708,-0.022345273
601,61,-0.021786556
601,70,0.020730404
601,299,-0.020462066
601,334,0.020333624
601,431,0.023064738
601,537,0.02510865
601,638,-0.024709964
601,639,0.026984913
601,742,0.021857873
602,59,-0.022746457
602,281,-0.026665382
602,355,0.021151481
602,372,-0.020055873
602,509,-0.02090529
602,531,0.025874937
602,574,-0.020497404
602,703,0.020121448
602,741,0.023230312
602,746,0.022868829
603,113,0.020628862
604,395,0.024854502
604,494,-0.0215796
605,466,0.027292626
605,492,-0.02223708
605,700,0.02071043
606,272,-0.020525526
606,430,-0.022162946
607,447,0.022569295
607,656,-0.02568895
607,668,-0.020345284
608,33,-0.025037335
608,338,0.02394093
608,379,0.021615807
608,389,-0.020529827
609,96,-0.022857562
609,170,-0.029141067
609,324,-0.025049549
609,649,0.020083483
610,8,0.021775993
610,84,-0.021628685
610,207,0.02561969
610,234,-0.034542076
610,260,0.020251194
610,271,-0.020712141
610,295,0.025973579
610,347,0.022826074
610,377,-0.027542677
610,380,-0.021548452
610,447,-0.02261578
610,564,0.02092165
610,734,-0.020899825
612,57,0.025413195
612,152,-0.02021496
612,370,-0.026399596
612,494,-0.021108214
612,546,0.023229646
613,61,0.023499202
613,191,0.024643833
614,73,-0.020709077
614,127,0.020823015
614,128,-0.020118611
614,378,0.025561837
614,380,-0.025125727
614,383,0.022045845
614,401,-0.023684632
614,615,-0.024555096
614,674,-0.020979498
615,28,0.026939416
615,68,-0.023319323
615,264,0.020477192
615,276,0.024308112
615,350,0.020176284
615,448,-0.020923596
615,484,-0.020387098
615,570,-0.030221773
615,744,0.023025347
617,183,0.022370493
617,453,0.02359331
618,155,0.021746451
618,195,0.022033997
618,478,0.022626618
618,491,-0.020505171
618,506,0.020581044
618,625,-0.028219242
618,710,-0.020960966
619,464,-0.021027567
620,31,0.021382172
620,47,-0.02818113
620,81,0.025124647
620,221,-0.02146848
620,338,-0.021844333
620,386,-0.022380283
620,442,-0.021396885
620,551,0.021045348
621,274,-0.023478588
621,304,0.020996867
621,378,-0.021749966
621,536,0.021475073
621,546,0.026736887
621,558,-0.02397887
621,564,0.022614045
621,627,-0.020780424
622,219,-0.020159204
622,279,-0.02199584
622,281,0.02041324
622,367,0.02185139
622,604,-0.020280931
623,207,0.020416675
623,270,-0.0225507
623,400,0.02767874
623,445,-0.020314272
623,473,-0.021655228
623,508,-0.020767318
623,671,-0.029470772
624,43,-0.023635965
624,76,0.021603527
624,164,0.020999972
624,231,-0.023203593
624,259,0.02001889
624,424,0.026865918
624,622,0.025047842
625,8,-0.021286981
625,239,0.020303993
625,259,-0.024453104
625,412,0.02192655
625,465,-0.020513775
625,674,0.020901289
626,2,0.030208433
626,5,-0.020728577
626,166,-0.021692317
626,169,0.020808838
626,176,0.026645923
626,242,0.021017421
626,256,0.021663196
626,280,-0.021602947
626,316,-0.02251885
626,554,-0.022754228
626,681,0.025441414
627,127,-0.024352381
627,206,-0.020961868
627,445,-0.036667973
627,481,-0.02288827
627,663,-0.020559944
628,50,0.022261173
628,568,0.026886845
629,230,-0.020148054
629,260,0.022587594
629,291,-0.020392708
629,353,-0.020113071
629,465,-0.021944068
629,533,-0.02081202
629,539,0.022826262
629,568,0.021533685
629,596,-0.021275293
629,648,0.021628166
630,175,0.021336934
630,391,0.02146621
630,739,0.023562077
631,4,0.02805663
631,20,-0.029289115
631,137,0.027077314
631,155,-0.022305643
631,220,0.02087976
631,446,0.025454545
631,657,-0.025049506
631,752,-0.02650982
632,13,0.026922967
632,670,0.022471612
633,74,-0.020682203
633,88,0.023594944
633,118,0.025427964
633,147,-0.023116369
633,192,-0.025311569
633,276,0.023388077
633,318,0.024693802
633,354,-0.02359877
633,476,-0.021993302
633,596,0.031385582
633,731,0.020133633
635,351,0.020166488
635,515,0.02169229
635,574,0.02421649
635,746,0.021874098
636,180,-0.021661542
637,246,0.020691086
637,340,0.020144314
637,358,-0.021568602
637,367,0.02056562
637,486,-0.020234065
637,601,-0.023550574
637,635,-0.023765111
638,25,-0.020937355
638,125,-0.023502605
638,127,0.020060696
638,191,0.023923244
638,245,0.02019294
638,519,0.023078986
638,533,0.020739736
638,624,-0.023652824
638,682,-0.027438447
638,688,-0.023597999
639,27,0.024503186
639,80,-0.024738472
639,152,-0.025316738
639,236,-0.020673553
639,329,0.022822216
639,652,-0.030335642
640,236,-0.020468488
640,367,0.021891987
640,389,0.022567902
640,618,-0.022348298
640,678,0.022609787
641,132,0.025038403
641,318,-0.025424102
641,635,0.026930766
641,664,-0.021558015
642,109,-0.020972867
642,306,-0.02676011
642,404,0.02363499
642,415,0.026834298
642,492,-0.020343654
642,600,0.020278025
642,638,-0.022189613
643,75,0.021816336
643,109,-0.021605924
643,377,0.021500474
643,440,-0.024478132
644,165,0.024133507
644,199,-0.022936612
644,276,0.024320057
644,281,0.02619765
644,282,0.023118414
644,307,-0.028097065
644,347,0.020951623
644,559,0.021628436
644,723,-0.022563612
646,61,0.022065531
646,156,0.022392161
646,297,-0.023395665
646,421,0.02330534
646,507,0.024996137
646,594,0.020602612
646,659,0.02153021
647,50,-0.024866857
647,103,0.027323829
647,156,0.02798899
647,280,-0.024015944
647,376,0.023705795
647,393,-0.026232287
647,506,0.02265022
647,516,-0.020334832
647,749,-0.023612484
648,157,0.021335242
648,202,0.024837106
648,367,-0.0212186
648,384,0.020207593
648,728,0.026862172
649,28,-0.023526683
649,94,-0.03280474
649,169,-0.028581731
649,307,-0.020732142
649,486,-0.020450203
649,700,-0.023059972
650,57,-0.023355242
650,281,-0.020491293
650,343,-0.020309998
650,357,-0.020891272
650,627,-0.021553528
651,658,-0.021044698
651,663,-0.02578764
651,676,-0.025718912
652,2,-0.026149897
652,38,0.020143034
652,77,0.02317187
652,197,0.020353602
652,379,0.028049018
653,403,-0.022865715
653,476,0.020574925
653,485,0.02041814
653,558,-0.02193391
653,717,-0.023249594
654,36,0.022146903
654,422,-0.022690793
654,426,0.024688795
655,32,0.026383094
655,62,-0.020637106
655,111,-0.026079345
655,223,0.021062117
655,338,-0.021118522
655,360,0.023123063
655,565,-0.020227186
655,592,-0.027951723
656,134,0.020192614
656,172,0.024044514
656,193,-0.024551805
656,241,-0.022395782
656,484,-0.021464344
657,72,0.020091392
657,194,-0.024710514
657,217,-0.025536796
657,286,-0.021303996
657,384,-0.027461547
657,446,-0.021121293
657,598,0.02095999
657,610,0.02033076
658,63,0.022459058
658,86,0.023154614
658,162,0.020031227
658,278,-0.027552078
658,283,0.022974636
659,36,0.024777638
659,75,-0.020585923
659,152,0.022781434
659,198,0.024735006
659,265,0.026674619
659,324,0.020738333
659,401,0.020687193
659,506,-0.023956459
659,526,0.029584272
659,571,0.022253042
659,583,-0.023208926
660,203,-0.022097556
660,263,0.023737894
661,14,0.021188924
661,320,-0.030583665
661,395,-0.02074215
661,724,-0.021666389
662,78,-0.022159174
662,86,0.020013759
662,157,0.025830423
662,387,0.020317113
662,565,-0.020845838
663,293,-0.023937944
663,325,-0.0226423
663,345,0.022794094
663,375,-0.021118447
663,393,0.026993683
663,395,-0.027109561
664,104,-0.026164453
664,195,0.022557616
664,231,0.025774844
664,258,0.022090575
664,327,0.021329548
664,534,0.021393742
664,622,-0.024155002
664,627,0.02071125
664,739,-0.021880455
665,38,-0.023290558
665,177,0.022168817
665,223,0.025706308
665,303,0.02033428
665,328,-0.020646738
665,350,0.021866983
665,430,0.029493961
665,487,-0.02429047
665,528,0.027904905
665,564,0.021173226
665,706,-0.021391258
666,40,0.022372296
666,210,0.02029006
666,221,-0.021011136
666,342,0.02258265
666,569,-0.021394674
666,620,-0.022722289
666,694,-0.026958145
666,706,-0.02210583
667,368,0.020250145
668,19,0.026253501
668,157,-0.021584762
668,230,0.024450298
668,282,-0.035077192
668,746,-0.021227304
668,752,0.020545332
669,185,0.02810355
669,260,0.024656475
670,298,-0.020861583
670,311,0.024364015
670,333,0.021002114
670,675,-0.02258325
670,728,0.021811644
671,461,-0.026208557
672,4,-0.02454772
672,75,-0.024334088
672,96,-0.020650838
672,377,-0.026023686
672,584,-0.020002455
672,734,0.022091081
673,117,-0.022893652
673,185,0.022072481
673,266,-0.020907419
673,305,-0.02057205
673,630,0.027340487
673,640,0.036257867
674,6,0.02188865
674,172,0.021880055
674,258,0.022837043
674,319,0.02040319
674,408,-0.026201531
674,466,-0.02595996
674,486,0.020755224
674,742,-0.020006847
675,70,-0.021712216
675,212,-0.020578189
675,581,0.021997644
675,693,-0.02268131
676,19,0.023161365
676,51,0.027648568
676,210,0.023533035
676,285,-0.023183154
676,397,-0.023019515
676,412,-0.020795066
676,528,-0.020623596
676,561,0.020333763
676,675,0.024472265
677,179,-0.020433307
677,228,0.02007471
677,577,-0.022177534
677,699,-0.021727908
677,729,0.02460301
678,321,-0.020170445
678,430,-0.023061216
678,665,0.020147212
679,616,-0.024895616
680,224,-0.021531753
680,275,-0.020051481
680,447,0.022569718
680,615,-0.021357434
680,622,-0.026392922
680,659,-0.02199301
680,718,0.025398754
681,59,0.023066912
681,100,0.0215507
681,201,0.025411796
681,231,-0.02340033
681,243,0.023279494
681,252,-0.020692343
681,313,0.023368472
681,548,0.021647356
681,606,-0.020452453
682,116,0.022975527
682,303,-0.021101654
682,476,-0.020626616
682,484,-0.02181749
682,509,0.023278998
683,9,-0.023954695
683,57,0.031221526
683,266,0.020971397
683,411,-0.021089675
683,446,-0.020469617
683,484,0.021399867
683,573,0.029071316
683,704,0.021325404
684,1,0.02250751
684,166,0.02351301
684,247,0.02190729
684,407,0.020406915
684,441,-0.02080907
684,447,0.020150362
684,468,-0.020113584
684,475,-0.020000469
684,494,-0.020628978
684,506,-0.022673916
684,558,-0.02166079
684,586,0.024805557
684,623,-0.020290602
684,624,-0.020476695
684,724,-0.021209642
686,3,-0.025819935
686,70,-0.020201525
686,144,-0.024116047
686,228,0.02202834
686,237,0.029918345
686,263,-0.020422973
686,267,0.025379587
686,304,-0.020076958
686,308,0.02304428
686,329,0.027967865
686,356,-0.025094308
686,418,0.024962302
686,519,0.021054324
686,536,-0.021875639
686,614,-0.020686394
686,713,-0.022454275
687,43,-0.022863397
687,101,-0.034677092
687,391,-0.022780862
687,577,0.020188224
688,74,-0.024048584
688,419,0.024504751
688,485,0.028464189
688,646,0.024963012
689,666,0.021065691
693,6,0.020872498
693,165,0.021999002
693,303,-0.021795899
693,313,-0.02307065
693,383,-0.02989311
693,673,0.029649338
693,706,0.03318935
694,48,-0.022768313
694,81,0.021649567
694,432,0.022337958
694,517,0.021405948
694,612,0.021956459
695,402,0.024319196
696,71,0.021367008
696,218,0.022109311
696,274,-0.021560613
696,347,0.02013717
696,379,0.023546426
696,398,0.02060976
696,458,-0.025612274
696,513,-0.021788191
697,292,-0.024288923
698,63,0.026550755
699,5,0.020936802
699,69,0.026626978
699,93,-0.020061681
699,115,0.02661421
699,130,-0.021623392
699,134,-0.021888835
699,182,0.020223254
699,339,0.020496296
699,512,-0.02414821
699,540,0.026173681
699,648,0.020635562
699,662,-0.023542294
699,704,0.020915562
700,76,-0.031785287
700,154,-0.02127136
700,382,0.024164556
700,384,0.020851802
700,390,-0.021816941
700,488,-0.022432404
700,597,-0.022308009
700,608,0.027577862
700,643,0.024456419
700,729,0.023438333
701,47,-0.027109543
701,299,-0.022712238
701,491,-0.021095404
701,506,0.025830127
701,670,0.0205126
703,54,0.025367325
703,537,-0.031939376
703,595,0.03039955
704,41,0.020686267
704,136,-0.021573609
704,239,-0.024926804
704,271,0.022452319
704,279,0.02787716
704,282,0.021757593
704,323,-0.023883017
704,496,0.021420842
704,549,0.024069102
704,642,-0.020443352
704,696,0.02809508
706,28,0.02231128
706,158,0.020523945
706,236,-0.02255802
706,305,0.020591937
706,319,0.0213357
706,365,-0.021004912
706,406,0.0351079
706,510,-0.020208227
706,623,0.0224751
706,742,-0.022614034
707,190,-0.020603787
707,290,0.021767853
707,321,0.022707459
707,383,0.02093542
707,489,0.020872636
707,546,0.02033399
707,628,-0.021600526
707,704,-0.023700211
708,21,-0.025006233
708,118,0.02009626
708,171,0.029579017
708,250,0.020966861
708,262,0.033658154
708,323,-0.021900285
708,386,0.022343766
708,392,-0.02544931
708,576,0.025012447
708,586,-0.023603892
709,82,0.024405412
709,243,0.022844754
709,271,0.021251313
709,515,-0.027942795
709,675,-0.020233383
709,686,-0.025373893
709,707,0.02761963
709,741,0.023148037
710,0,0.021798844
710,163,-0.023120882
710,259,-0.023291864
710,387,-0.024531612
710,391,0.027793601
710,400,-0.020336177
710,559,-0.0208507
710,600,0.020192904
712,14,-0.021040687
712,214,-0.021693397
712,261,0.028238263
712,696,0.021558233
713,124,0.02444504
713,419,-0.03059305
713,714,-0.020094946
714,78,0.02406122
714,169,0.023966502
714,386,-0.024799354
714,465,0.0253516
714,668,-0.02162061
715,293,-0.023660786
715,302,0.021511625
715,322,-0.021408647
715,373,0.022631925
715,383,-0.02211443
715,729,0.020951992
716,91,0.020177886
716,267,-0.024827464
716,426,-0.022375178
716,633,-0.023765923
717,39,-0.023037776
717,60,-0.021931848
717,165,-0.022676082
717,258,-0.024570085
717,486,0.022776848
717,578,0.028912526
717,703,-0.024362402
718,166,-0.0205893
718,256,-0.027094778
718,326,-0.021469798
718,336,-0.02469629
718,489,-0.02095293
718,608,0.025081094
718,652,-0.027018532
719,115,-0.021854201
719,381,0.023981644
719,744,-0.023780074
720,205,0.020470954
720,464,0.033318114
720,626,0.027227903
721,307,0.020447638
721,378,-0.02136171
721,496,0.021399988
721,677,0.027390257
721,682,-0.020453628
722,93,-0.021543683
722,259,-0.02357119
722,346,-0.02806557
723,534,0.021744559
723,608,0.020329546
724,16,-0.022133866
724,91,-0.022049135
724,239,0.020428149
724,477,-0.021351581
724,573,-0.026152922
724,631,-0.022614362
724,732,-0.02004947
725,29,-0.023474574
725,157,0.022390861
725,241,0.02324513
725,275,0.022473274
725,378,-0.027552597
725,553,0.025264364
726,572,-0.020386854
727,131,0.025152266
727,295,-0.020643936
727,325,0.02297014
727,534,-0.0211591
727,666,-0.020935653
727,717,0.021699574
728,168,-0.022751668
728,251,-0.029149448
728,281,0.020959772
728,284,0.021407478
728,508,-0.02209851
728,652,0.02390403
728,707,0.022448115
729,358,0.024982974
729,406,-0.020454166
729,433,0.022316374
729,504,-0.02010866
729,592,0.020077135
729,624,0.023075894
730,107,-0.021312775
731,71,-0.020941285
731,178,-0.021433063
731,183,0.02061663
731,285,-0.021283383
731,307,0.02473629
731,359,-0.02659209
731,400,-0.020533051
731,542,0.022633323
732,165,-0.02485183
732,283,0.02253022
732,475,0.022397615
732,508,-0.020155326
734,69,-0.021304833
734,200,-0.02165153
734,383,-0.024136255
734,442,-0.02039947
734,460,0.024620637
734,601,0.025104553
734,693,0.021063514
734,706,-0.020832187
734,731,0.02019925
736,378,0.021550328
736,638,-0.021292714
737,268,-0.027004192
737,290,-0.024880202
737,340,0.03508401
737,356,0.022003096
737,423,-0.023715097
737,434,0.021776395
737,494,-0.02224228
737,608,-0.022823308
738,212,-0.025787096
739,144,-0.026544774
739,147,0.020982077
739,281,-0.02070987
739,323,-0.020965768
739,407,-0.021440499
739,408,0.033013746
739,512,0.027703976
739,662,0.030294646
739,676,0.029291306
740,278,0.020043792
740,351,-0.028756931
740,489,0.020544948
740,522,0.022438578
741,66,0.026131397
741,176,-0.034369648
741,224,-0.022006176
741,333,0.025484245
741,398,0.023180576
742,112,0.023013083
742,115,-0.02350135
742,217,-0.020428602
742,278,-0.020053979
742,306,0.025138032
742,401,-0.022476258
742,407,0.024746984
742,441,0.0252612
742,577,0.022978203
744,96,-0.02163089
744,112,-0.02034128
744,202,0.021285105
744,249,-0.021979285
744,303,0.0243533
744,311,-0.021841297
744,350,-0.025630474
744,380,0.03293665
744,404,0.020426907
744,467,0.020421566
744,620,-0.026153948
744,724,0.02367665
745,463,-0.026921414
745,525,0.028529929
746,99,-0.025807215
746,149,0.024467459
746,184,0.020704398
746,207,0.020549146
746,322,0.022391405
746,350,-0.02081041
746,377,0.02401813
746,432,-0.023610713
746,442,-0.02138216
748,3,-0.021185461
748,116,0.021503229
748,210,-0.020364067
748,647,-0.021418612
749,269,0.025975905
749,274,0.023742126
749,327,-0.025339784
749,378,-0.020174256
749,527,-0.020742686
749,595,0.03296371
749,604,-0.027011584
749,681,0.024083482
749,693,0.023063153
751,25,-0.022015704
751,81,-0.020596111
751,87,0.021252936
751,128,0.033136945
751,195,-0.024957206
751,203,-0.020417403
751,430,-0.022321876
751,627,0.024300516
751,677,-0.024568597
752,4,-0.021701433
752,28,-0.0217279
752,75,-0.020155525
752,365,-0.02343864
752,416,-0.021134852
752,446,-0.029136501
752,513,-0.025337992
752,583,0.020188987
752,725,0.02128963
